001246d69625813a72ad4addb8652a5add402751	.config/quickshell/caelestia/modules/nexus/PageCompRegistry.qml
001246d69625813a72ad4addb8652a5add402751	.local/share/bite-os/rices/caelestia/.config/quickshell/caelestia/modules/nexus/PageCompRegistry.qml
001e95de4d6591e1eccfee1da5dd34638dfe5d34	.config/quickshell/caelestia/components/images/CachingIconImage.qml
001e95de4d6591e1eccfee1da5dd34638dfe5d34	.local/share/bite-os/rices/caelestia/.config/quickshell/caelestia/components/images/CachingIconImage.qml
0073939387016edf9ee6ec8548044b41d25fc219	.config/glitch/bin/bite-os-healthcheck.sh
00845c1872dca8a2910f5e42710579c78961c4bb	.local/share/bite-os/rices/serpantinum/.local/share/serpantinum/src/assets/themes/Jade.json
0102715e92cefa50efd09ecab476e21504e42be2	.config/quickshell/caelestia/modules/nexus/pages/apps/AllApps.qml
0102715e92cefa50efd09ecab476e21504e42be2	.local/share/bite-os/rices/caelestia/.config/quickshell/caelestia/modules/nexus/pages/apps/AllApps.qml
017a2b6cc4fbadbcb3ab5b652a917d2b1f7cbfe4	.config/quickshell/caelestia/modules/bar/components/workspaces/Workspace.qml
017a2b6cc4fbadbcb3ab5b652a917d2b1f7cbfe4	.local/share/bite-os/rices/caelestia/.config/quickshell/caelestia/modules/bar/components/workspaces/Workspace.qml
020158c6ca6eaac782acc565a88579517c892324	.config/quickshell/ilyamiro-shell/focustime/launch_daemon.sh
020158c6ca6eaac782acc565a88579517c892324	.local/share/bite-os/rices/caelestia/.config/quickshell/ilyamiro-shell/focustime/launch_daemon.sh
020972ffbcdbc9a36a91a58e2865badc07f2b0f6	.config/quickshell/caelestia/components/containers/VerticalFadeFlickable.qml
020972ffbcdbc9a36a91a58e2865badc07f2b0f6	.local/share/bite-os/rices/caelestia/.config/quickshell/caelestia/components/containers/VerticalFadeFlickable.qml
022eee3324d0923758d61a2a1ac73476117a3dc3	.config/hypr/scripts/quickshell/volume/get_audio_state.py
022eee3324d0923758d61a2a1ac73476117a3dc3	.config/quickshell/ilyamiro-shell/volume/get_audio_state.py
022eee3324d0923758d61a2a1ac73476117a3dc3	.local/share/bite-os/rices/caelestia/.config/hypr/scripts/quickshell/volume/get_audio_state.py
022eee3324d0923758d61a2a1ac73476117a3dc3	.local/share/bite-os/rices/caelestia/.config/quickshell/ilyamiro-shell/volume/get_audio_state.py
022eee3324d0923758d61a2a1ac73476117a3dc3	.local/share/bite-os/rices/ilyamiro/.config/hypr/scripts/quickshell/volume/get_audio_state.py
022eee3324d0923758d61a2a1ac73476117a3dc3	.local/share/bite-os/rices/serpantinum/.config/hypr/scripts/quickshell/volume/get_audio_state.py
023a68c34ca89c360a52dce2fe7ebf5aadfdd33d	.local/share/bite-os/rices/serpantinum/.local/share/serpantinum/src/quickshell/notifications/types/Update.qml
027a9c4ec75491df1bb69364f16d0aa89c5102d3	.local/share/bite-os/rices/serpantinum/.local/state/serpantinum/version
02cd9aa7cf0af0b008b91fb453bbd6dc5a99ef2f	.config/hypr/scripts/quickshell/network/eth_panel_logic.sh
02cd9aa7cf0af0b008b91fb453bbd6dc5a99ef2f	.config/quickshell/ilyamiro-shell/network/eth_panel_logic.sh
02cd9aa7cf0af0b008b91fb453bbd6dc5a99ef2f	.local/share/bite-os/rices/caelestia/.config/hypr/scripts/quickshell/network/eth_panel_logic.sh
02cd9aa7cf0af0b008b91fb453bbd6dc5a99ef2f	.local/share/bite-os/rices/caelestia/.config/quickshell/ilyamiro-shell/network/eth_panel_logic.sh
02cd9aa7cf0af0b008b91fb453bbd6dc5a99ef2f	.local/share/bite-os/rices/ilyamiro/.config/hypr/scripts/quickshell/network/eth_panel_logic.sh
02cd9aa7cf0af0b008b91fb453bbd6dc5a99ef2f	.local/share/bite-os/rices/serpantinum/.config/hypr/scripts/quickshell/network/eth_panel_logic.sh
035006082859329c39b2879be54a4e5a475f5bd0	.local/share/bite-os/rices/serpantinum/.local/share/serpantinum/src/scripts/current_focus.sh
0353560f3af64f37bb8ebbd0f4ba8bfed478185e	.local/state/bite-os/active-shell
03593d3ec5891b180f8abf723536c2522b137048	.local/share/bite-os/rices/serpantinum/.local/share/serpantinum/src/assets/themes/Nord.json
03a31a1d7f626e79d67efdf18deed4a7b32b12ce	.local/share/bite-os/rices/serpantinum/.local/share/serpantinum/src/quickshell/bar/modules/system/KbWidget.qml
03af459500bb3b919086fb4eeddc44abffbe8fc6	.local/share/bite-os/rices/serpantinum/.local/share/serpantinum/src/quickshell/bar/modules/VisWidget.qml
044f5766c87b9688a2b9157ed9348c52ee1d0546	.local/share/bite-os/rices/serpantinum/.local/share/serpantinum/src/assets/themes/Matugen.json
04940f6cce8b02b37df13b3b8734664d5bcdcb22	.local/share/bite-os/rices/serpantinum/.local/share/serpantinum/src/assets/themes/Lapis.json
049c42fb5db2e1aa5f6d13a1a1477697a918dc26	.local/share/bite-os/rices/serpantinum/.local/share/serpantinum/src/assets/themes/Emerald.json
04b7fa2ae4709bb9f219fbd9f09e3371c88b7dc1	.local/share/bite-os/rices/serpantinum/.local/share/serpantinum/src/assets/themes/Ametrine.json
0508a2c75f8999ffb7fb8b7e88dc47050297bd60	.config/quickshell/caelestia/modules/bar/components/workspaces/Workspaces.qml
0508a2c75f8999ffb7fb8b7e88dc47050297bd60	.local/share/bite-os/rices/caelestia/.config/quickshell/caelestia/modules/bar/components/workspaces/Workspaces.qml
051a855dd06c3ee50e0d13113c919c2dde1121d8	.local/share/bite-os/rices/serpantinum/.local/share/serpantinum/src/quickshell/widgets/qmldir
0576e799a576b78e5d2f7acfd3df6a3325c293d7	.config/quickshell/caelestia/modules/dashboard/Media.qml
0576e799a576b78e5d2f7acfd3df6a3325c293d7	.local/share/bite-os/rices/caelestia/.config/quickshell/caelestia/modules/dashboard/Media.qml
05c9daaf2ce52d94cafa213f3df7ee7b00e8cd7d	.config/quickshell/caelestia/modules/lock/Media.qml
05c9daaf2ce52d94cafa213f3df7ee7b00e8cd7d	.local/share/bite-os/rices/caelestia/.config/quickshell/caelestia/modules/lock/Media.qml
063bdeb7e54e130579fca8f5eb83d196252b0e7d	.local/share/bite-os/rices/serpantinum/.local/share/serpantinum/src/quickshell/widgets/faces/VisualizerFace.qml
063c0d73a0d499a2c0b4d7433ac1839ce4d08dd3	.config/quickshell/caelestia/modules/bar/BarWrapper.qml
063c0d73a0d499a2c0b4d7433ac1839ce4d08dd3	.local/share/bite-os/rices/caelestia/.config/quickshell/caelestia/modules/bar/BarWrapper.qml
063cb720a2d41e2ec51fe1c374be02c9178a62e7	.local/share/bite-os/rices/serpantinum/.local/share/serpantinum/src/assets/themes/Larimar.json
064f32a12b84e34fb755cbae00f2ed5ab7affd2d	.config/quickshell/caelestia/modules/controlcenter/network/VpnSettings.qml
064f32a12b84e34fb755cbae00f2ed5ab7affd2d	.local/share/bite-os/rices/caelestia/.config/quickshell/caelestia/modules/controlcenter/network/VpnSettings.qml
0650589d5af43a97b130caefddc9482fe063255d	.config/quickshell/ilyamiro-shell/network/NetworkPopup.qml
0650589d5af43a97b130caefddc9482fe063255d	.local/share/bite-os/rices/caelestia/.config/quickshell/ilyamiro-shell/network/NetworkPopup.qml
06687517063c7254fa40d2a89742a913fe2e7643	.config/glitch/bin/glitch-power.sh
0675162ae0e9f53d516aa32de753a6f0db3f5e0e	.config/hypr/scripts/quickshell/updater/UpdaterPopup.qml
0675162ae0e9f53d516aa32de753a6f0db3f5e0e	.config/quickshell/ilyamiro-shell/updater/UpdaterPopup.qml
0675162ae0e9f53d516aa32de753a6f0db3f5e0e	.local/share/bite-os/rices/caelestia/.config/hypr/scripts/quickshell/updater/UpdaterPopup.qml
0675162ae0e9f53d516aa32de753a6f0db3f5e0e	.local/share/bite-os/rices/caelestia/.config/quickshell/ilyamiro-shell/updater/UpdaterPopup.qml
0675162ae0e9f53d516aa32de753a6f0db3f5e0e	.local/share/bite-os/rices/ilyamiro/.config/hypr/scripts/quickshell/updater/UpdaterPopup.qml
0675162ae0e9f53d516aa32de753a6f0db3f5e0e	.local/share/bite-os/rices/serpantinum/.config/hypr/scripts/quickshell/updater/UpdaterPopup.qml
0696a8fa9ed1f8d42fd9eb105d7657058baad11b	.config/hypr/hyprpaper.conf
0696a8fa9ed1f8d42fd9eb105d7657058baad11b	.local/share/bite-os/rices/caelestia/.config/hypr/hyprpaper.conf
07235d8955867598417303f85268837c42813b50	.local/share/bite-os/rices/serpantinum/.local/share/serpantinum/src/quickshell/guide/notifications/qmldir
0740e14bb3f35664ced08e7c3f0cfce3d148542f	.config/quickshell/caelestia/modules/bar/components/Power.qml
0740e14bb3f35664ced08e7c3f0cfce3d148542f	.local/share/bite-os/rices/caelestia/.config/quickshell/caelestia/modules/bar/components/Power.qml
075024f6c814b1bf1ebbec6c261dd0d76460a700	.config/quickshell/caelestia/modules/controlcenter/components/DeviceDetails.qml
075024f6c814b1bf1ebbec6c261dd0d76460a700	.local/share/bite-os/rices/caelestia/.config/quickshell/caelestia/modules/controlcenter/components/DeviceDetails.qml
076606c58eb41799f13ee9ad761ebe170b124059	.local/share/bite-os/rices/serpantinum/.local/share/serpantinum/src/quickshell/singletons/environment/Location.qml
0786e6b8c2f034345879780dd59dcedd42605350	.config/quickshell/caelestia/modules/dashboard/Wrapper.qml
0786e6b8c2f034345879780dd59dcedd42605350	.local/share/bite-os/rices/caelestia/.config/quickshell/caelestia/modules/dashboard/Wrapper.qml
079abbf6a125d0afaa438033740cc922a6853aef	.config/hypr/scripts/quickshell/clipboard/clip_fetcher.py
079abbf6a125d0afaa438033740cc922a6853aef	.config/quickshell/ilyamiro-shell/clipboard/clip_fetcher.py
079abbf6a125d0afaa438033740cc922a6853aef	.local/share/bite-os/rices/caelestia/.config/hypr/scripts/quickshell/clipboard/clip_fetcher.py
079abbf6a125d0afaa438033740cc922a6853aef	.local/share/bite-os/rices/caelestia/.config/quickshell/ilyamiro-shell/clipboard/clip_fetcher.py
079abbf6a125d0afaa438033740cc922a6853aef	.local/share/bite-os/rices/ilyamiro/.config/hypr/scripts/quickshell/clipboard/clip_fetcher.py
079abbf6a125d0afaa438033740cc922a6853aef	.local/share/bite-os/rices/serpantinum/.config/hypr/scripts/quickshell/clipboard/clip_fetcher.py
07a3268bf411ad33c3c3959dd7502324b0a3a3fc	.local/share/bite-os/rices/serpantinum/.local/share/serpantinum/src/assets/themes/Peridot.json
07e80a8a6c350f999fd9e70f2dacf07c480d17a0	.local/share/bite-os/rices/serpantinum/.local/share/serpantinum/src/assets/languages/vi.json
081b59b104d2e274246b52c1fca0f99bc8c544cf	.local/share/bite-os/rices/serpantinum/.local/share/serpantinum/src/assets/fonts/SF-Pro-Display-Semibold.otf
084fe6781ee0edd542712f444fb8d5aa6c66d438	.config/quickshell/caelestia/modules/sidebar/NotifActionList.qml
084fe6781ee0edd542712f444fb8d5aa6c66d438	.local/share/bite-os/rices/caelestia/.config/quickshell/caelestia/modules/sidebar/NotifActionList.qml
08ba0fb574a0258e531e6ca6b85a27ba793de1c9	.config/hypr/scripts/exit.sh
08ba0fb574a0258e531e6ca6b85a27ba793de1c9	.local/share/bite-os/rices/caelestia/.config/hypr/scripts/exit.sh
08ba0fb574a0258e531e6ca6b85a27ba793de1c9	.local/share/bite-os/rices/ilyamiro/.config/hypr/scripts/exit.sh
08ba0fb574a0258e531e6ca6b85a27ba793de1c9	.local/share/bite-os/rices/serpantinum/.config/hypr/scripts/exit.sh
09364143fbdd273ca18d2c5eb0822fa69bc997fc	.config/quickshell/caelestia/components/SectionHeader.qml
09364143fbdd273ca18d2c5eb0822fa69bc997fc	.local/share/bite-os/rices/caelestia/.config/quickshell/caelestia/components/SectionHeader.qml
09903fcfc4819a290f45b9debbff07df70ddfe0b	.config/quickshell/caelestia/modules/nexus/common/InfoRow.qml
09903fcfc4819a290f45b9debbff07df70ddfe0b	.local/share/bite-os/rices/caelestia/.config/quickshell/caelestia/modules/nexus/common/InfoRow.qml
09fe119b931a316207e55726c6ba21923eed98bc	.config/hypr/scripts/widget-saves.sh
09fe119b931a316207e55726c6ba21923eed98bc	.local/share/bite-os/rices/serpantinum/.config/hypr/scripts/widget-saves.sh
0a0259cf52e2e1a430bd4a76dac0f2e56cbb794b	.local/share/bite-os/rices/serpantinum/.local/share/serpantinum/src/quickshell/lock/Lock.qml
0a65cbdc0a6bf43fe6748c528c3008b23dd23bf0	.config/quickshell/caelestia/modules/controlcenter/appearance/sections/ColorSchemeSection.qml
0a65cbdc0a6bf43fe6748c528c3008b23dd23bf0	.local/share/bite-os/rices/caelestia/.config/quickshell/caelestia/modules/controlcenter/appearance/sections/ColorSchemeSection.qml
0a694a472d54939142a17c6be34a010605312e70	.config/quickshell/caelestia/components/misc/Ref.qml
0a694a472d54939142a17c6be34a010605312e70	.local/share/bite-os/rices/caelestia/.config/quickshell/caelestia/components/misc/Ref.qml
0b13efc2a29a5d77a4eac54deba3fc1e8d3923bc	.local/share/bite-os/rices/serpantinum/.config/hypr/config/env.conf
0b5611d85efc7b06f97560d2ed0ec1cb5a335fb3	.local/share/bite-os/rices/serpantinum/.local/share/serpantinum/src/assets/sounds/reusables/clickbutton/click2.wav
0b6440011df7d5c32575d523d774864e985434e3	.config/quickshell/caelestia/services/Colours.qml
0b6440011df7d5c32575d523d774864e985434e3	.local/share/bite-os/rices/caelestia/.config/quickshell/caelestia/services/Colours.qml
0bafc85b876dc371b26841c5e3345c82571a4421	.config/quickshell/caelestia/components/StateLayer.qml
0bafc85b876dc371b26841c5e3345c82571a4421	.local/share/bite-os/rices/caelestia/.config/quickshell/caelestia/components/StateLayer.qml
0beac1fa97e9fefbe95fc8a5d34afe81ffcbe693	.local/share/bite-os/rices/serpantinum/.local/share/serpantinum/src/quickshell/watchers/kb_wait.sh
0ca70e32ba44e2c4a39d9bdc25e0b786f8324ac7	.local/share/bite-os/rices/serpantinum/.local/share/serpantinum/src/scripts/first_launch.sh
0cca9420a944d3ab16b75263265e2b448d87295a	.local/share/bite-os/rices/serpantinum/.local/share/serpantinum/src/assets/themes/Hematite.json
0d13e49126349f3132370a6708ed9f836741bd53	.local/share/bite-os/rices/serpantinum/.local/share/serpantinum/src/quickshell/bar/Bar.qml
0d19c11609207d7288d3790e2dfe9867fb8df679	.local/share/bite-os/rices/serpantinum/.local/share/serpantinum/src/quickshell/singletons/audio/MprisController.qml
0d501731f2f773d7990eb7eabba3dd4cee2e2ed5	.config/hypr/scripts/quickshell/network/sounds/switch.wav
0d501731f2f773d7990eb7eabba3dd4cee2e2ed5	.config/quickshell/ilyamiro-shell/network/sounds/switch.wav
0d501731f2f773d7990eb7eabba3dd4cee2e2ed5	.local/share/bite-os/rices/caelestia/.config/hypr/scripts/quickshell/network/sounds/switch.wav
0d501731f2f773d7990eb7eabba3dd4cee2e2ed5	.local/share/bite-os/rices/caelestia/.config/quickshell/ilyamiro-shell/network/sounds/switch.wav
0d501731f2f773d7990eb7eabba3dd4cee2e2ed5	.local/share/bite-os/rices/ilyamiro/.config/hypr/scripts/quickshell/network/sounds/switch.wav
0d501731f2f773d7990eb7eabba3dd4cee2e2ed5	.local/share/bite-os/rices/serpantinum/.config/hypr/scripts/quickshell/network/sounds/switch.wav
0db520d091091578b35b79adec8a2e20e68b0b4b	.config/quickshell/caelestia/services/Time.qml
0db520d091091578b35b79adec8a2e20e68b0b4b	.local/share/bite-os/rices/caelestia/.config/quickshell/caelestia/services/Time.qml
0dc0d046553a7edbdc67eb7ab150390d8cd4a4be	.local/share/bite-os/rices/serpantinum/.local/share/serpantinum/src/quickshell/guide/OnScreenDisplayTab.qml
0e3780611695281b9bb4b3492523353c86c80804	.local/share/bite-os/rices/serpantinum/.local/share/serpantinum/src/assets/themes/Poimandres.json
0ebfd7e2d99cc6daafadae0d0dc061c4bf34eac0	.config/quickshell/caelestia/modules/lock/weather/Forecast.qml
0ebfd7e2d99cc6daafadae0d0dc061c4bf34eac0	.local/share/bite-os/rices/caelestia/.config/quickshell/caelestia/modules/lock/weather/Forecast.qml
0ee9ce060d797a20ba729a937ca5a420f62ec9d2	.config/glitch/icons/logo.jpeg
0f24f99d773dea122ce343eaf8d01de0abb95413	.config/quickshell/caelestia/modules/nexus/pages/apps/AppInfo.qml
0f24f99d773dea122ce343eaf8d01de0abb95413	.local/share/bite-os/rices/caelestia/.config/quickshell/caelestia/modules/nexus/pages/apps/AppInfo.qml
0f29d5fb891b6b2b859945ebada085f6808d797d	.config/hypr/scripts/quickshell/wallpaper/WallpaperPicker.qml
0f29d5fb891b6b2b859945ebada085f6808d797d	.local/share/bite-os/rices/caelestia/.config/hypr/scripts/quickshell/wallpaper/WallpaperPicker.qml
0f29d5fb891b6b2b859945ebada085f6808d797d	.local/share/bite-os/rices/ilyamiro/.config/hypr/scripts/quickshell/wallpaper/WallpaperPicker.qml
0f29d5fb891b6b2b859945ebada085f6808d797d	.local/share/bite-os/rices/serpantinum/.config/hypr/scripts/quickshell/wallpaper/WallpaperPicker.qml
0f559ccb5b5348851faf5923454bf79fb2199784	.local/share/bite-os/rices/serpantinum/.local/share/serpantinum/src/quickshell/widgets/WidgetLoader.qml
0f68c0195a6c9857d2d4c6dae4b339871d34a922	.local/share/bite-os/rices/serpantinum/.local/share/serpantinum/bin/serpantinumd
0f6d96cee581660b01d22b487fe91d3253f907eb	.local/share/bite-os/rices/serpantinum/.local/share/serpantinum/src/quickshell/Runner.qml
0f709f187a8263d88ac6a7c014c94abb111bbd43	.local/share/bite-os/rices/serpantinum/.local/share/serpantinum/UPSTREAM-README.md
0f9fb5dd648a8c8cd5219ff478805a5e7bd2ef34	.config/quickshell/caelestia/modules/launcher/items/ActionItem.qml
0f9fb5dd648a8c8cd5219ff478805a5e7bd2ef34	.local/share/bite-os/rices/caelestia/.config/quickshell/caelestia/modules/launcher/items/ActionItem.qml
10040c5871bac46139fe0c6772c8411fb819d7d2	.config/quickshell/caelestia/modules/controlcenter/appearance/sections/FontsSection.qml
10040c5871bac46139fe0c6772c8411fb819d7d2	.local/share/bite-os/rices/caelestia/.config/quickshell/caelestia/modules/controlcenter/appearance/sections/FontsSection.qml
102c9e766031616a5864caf31a7d784d6a2f6acd	.config/quickshell/caelestia/utils/Searcher.qml
102c9e766031616a5864caf31a7d784d6a2f6acd	.local/share/bite-os/rices/caelestia/.config/quickshell/caelestia/utils/Searcher.qml
10397c9112c3bc300f0dd8fe02f4b7847c47d242	.config/hypr/scheme/default.conf
10397c9112c3bc300f0dd8fe02f4b7847c47d242	.local/share/bite-os/rices/caelestia/.config/hypr/scheme/default.conf
10412b6919778d05e6d077cbf117417aaf5cf4ce	.local/share/bite-os/rices/serpantinum/.config/hypr/scripts/update_notifier.sh
108c51a26d34a520c8477f457b71faad78984fd5	.config/quickshell/caelestia/modules/sidebar/Wrapper.qml
108c51a26d34a520c8477f457b71faad78984fd5	.local/share/bite-os/rices/caelestia/.config/quickshell/caelestia/modules/sidebar/Wrapper.qml
10ec455f1c5991863f11ab9efaf8f9d97b18108a	.local/share/bite-os/rices/serpantinum/.local/share/serpantinum/src/quickshell/bar/sidemodules/SideFocusWidget.qml
10fe713f8f3cf5af79c6c3c4fdb23a427ea133df	.config/hypr/scripts/ppd-spaceship-watch.sh
110d3b20d6f6ba43c768a07ab67a972d090ea627	.local/share/bite-os/rices/serpantinum/.local/share/serpantinum/src/quickshell/singletons/system/I18n.qml
119c001049ad0cf2c4458cd256a142e0a6ee3dcb	.local/share/bite-os/rices/serpantinum/.config/matugen/config.toml
11b82df2a327a87c0108a951599fbbe7a1e3ff13	.config/matugen/templates/hyprland.conf.template
11b82df2a327a87c0108a951599fbbe7a1e3ff13	.local/share/bite-os/rices/ilyamiro/.config/matugen/templates/hyprland.conf.template
11b82df2a327a87c0108a951599fbbe7a1e3ff13	.local/share/bite-os/rices/serpantinum/.config/matugen/templates/hyprland.conf.template
11c064d34cc072606395850ae3d22bac6042c1ae	.config/quickshell/caelestia/modules/bar/components/workspaces/Workspaces.qml
11c064d34cc072606395850ae3d22bac6042c1ae	.local/share/bite-os/rices/caelestia/.config/quickshell/caelestia/modules/bar/components/workspaces/Workspaces.qml
1202cc5bfb7584fef287fca96577a1e91dd40732	.config/quickshell/caelestia/modules/controlcenter/bluetooth/Settings.qml
1202cc5bfb7584fef287fca96577a1e91dd40732	.local/share/bite-os/rices/caelestia/.config/quickshell/caelestia/modules/controlcenter/bluetooth/Settings.qml
12182124313a4029f5a6f7cdbe42a92679968dae	.local/share/bite-os/rices/serpantinum/.local/share/serpantinum/src/quickshell/reusables/NumberSelector.qml
122466451a58657c3de6852c39f7579495815283	.config/quickshell/caelestia/modules/bar/popouts/ActiveWindow.qml
122466451a58657c3de6852c39f7579495815283	.local/share/bite-os/rices/caelestia/.config/quickshell/caelestia/modules/bar/popouts/ActiveWindow.qml
124b720837970fd8a865810f61c4ec7a06977089	.local/share/bite-os/rices/serpantinum/.local/share/serpantinum/src/assets/themes/Andromeda.json
12edde0f94dd15c30a29fa1accd47243482bfee9	.local/share/bite-os/rices/serpantinum/.local/share/serpantinum/src/quickshell/singletons/system/Config.qml
13125f2c374f72f36827589f7c00fead04bc8f3d	.config/quickshell/caelestia/modules/utilities/RecordingDeleteModal.qml
13125f2c374f72f36827589f7c00fead04bc8f3d	.local/share/bite-os/rices/caelestia/.config/quickshell/caelestia/modules/utilities/RecordingDeleteModal.qml
134dfdb5eb4df90c30580b1299dafea578e439ca	.local/share/bite-os/rices/serpantinum/.local/share/serpantinum/src/quickshell/widgets/faces/UsageFace.qml
13b6aaa82ed32d14874024035e0b818ef431cece	.local/share/bite-os/rices/serpantinum/.local/share/serpantinum/src/quickshell/bar/modules/system/SysMonWidget.qml
13f785666050448fc157233c80b5f4c67eeedc1a	.local/share/bite-os/rices/serpantinum/.local/share/serpantinum/src/quickshell/clipboard/clip_fetcher.py
140a583d7907a0700e906f02c56b4d6b93171c3b	.config/quickshell/ilyamiro-shell/wallpaper/WallpaperPicker.qml
140a583d7907a0700e906f02c56b4d6b93171c3b	.local/share/bite-os/rices/caelestia/.config/quickshell/ilyamiro-shell/wallpaper/WallpaperPicker.qml
145ea05ec4599dc560ced3f23420affd32c79a30	.local/share/bite-os/rices/serpantinum/.local/share/serpantinum/src/quickshell/guide/theme/qmldir
146e9f2ac530a4751b5cbbd6b8002af43fbe5537	.local/share/bite-os/rices/serpantinum/.local/share/serpantinum/src/assets/languages/it.json
148f1fe1b00c192cc0986be00fbeb16d2b391141	.config/quickshell/caelestia/modules/controlcenter/appearance/AppearancePane.qml
148f1fe1b00c192cc0986be00fbeb16d2b391141	.local/share/bite-os/rices/caelestia/.config/quickshell/caelestia/modules/controlcenter/appearance/AppearancePane.qml
153f72cec46d7bef42d2a469f7315be1b184ac31	.local/share/bite-os/rices/caelestia/meta.txt
15b1078fb464c1101981063c7a84a7d1af5aba50	.local/share/bite-os/rices/serpantinum/.local/share/serpantinum/src/assets/themes/Spinel.json
15dda611140e9dbf4c269228cf93eb98be53442a	.config/quickshell/caelestia/services/SystemUsage.qml
15dda611140e9dbf4c269228cf93eb98be53442a	.local/share/bite-os/rices/caelestia/.config/quickshell/caelestia/services/SystemUsage.qml
15fa0a9f2ef12ff97b437eb939a185bac29ac6b6	.local/share/bite-os/rices/serpantinum/.local/share/serpantinum/src/assets/languages/hy.json
162a53a12e489f89d13d0e18a96d196fdec717a5	.config/hypr/scripts/quickshell/Lock.qml
162a53a12e489f89d13d0e18a96d196fdec717a5	.config/quickshell/ilyamiro-shell/Lock.qml
162a53a12e489f89d13d0e18a96d196fdec717a5	.local/share/bite-os/rices/caelestia/.config/hypr/scripts/quickshell/Lock.qml
162a53a12e489f89d13d0e18a96d196fdec717a5	.local/share/bite-os/rices/caelestia/.config/quickshell/ilyamiro-shell/Lock.qml
162a53a12e489f89d13d0e18a96d196fdec717a5	.local/share/bite-os/rices/ilyamiro/.config/hypr/scripts/quickshell/Lock.qml
16ceffd5609ad73fe566a931e1a55a02a966b1df	.config/hypr/scripts/quickshell/network/sounds/power_off.wav
16ceffd5609ad73fe566a931e1a55a02a966b1df	.config/quickshell/ilyamiro-shell/network/sounds/power_off.wav
16ceffd5609ad73fe566a931e1a55a02a966b1df	.local/share/bite-os/rices/caelestia/.config/hypr/scripts/quickshell/network/sounds/power_off.wav
16ceffd5609ad73fe566a931e1a55a02a966b1df	.local/share/bite-os/rices/caelestia/.config/quickshell/ilyamiro-shell/network/sounds/power_off.wav
16ceffd5609ad73fe566a931e1a55a02a966b1df	.local/share/bite-os/rices/ilyamiro/.config/hypr/scripts/quickshell/network/sounds/power_off.wav
16ceffd5609ad73fe566a931e1a55a02a966b1df	.local/share/bite-os/rices/serpantinum/.config/hypr/scripts/quickshell/network/sounds/power_off.wav
16ceffd5609ad73fe566a931e1a55a02a966b1df	.local/share/bite-os/rices/serpantinum/.local/share/serpantinum/src/assets/sounds/network/power_off.wav
16dcaa13696e0d8e6834cb6db9f65e94cc2ac5a8	.config/quickshell/caelestia/modules/dashboard/Content.qml
16dcaa13696e0d8e6834cb6db9f65e94cc2ac5a8	.local/share/bite-os/rices/caelestia/.config/quickshell/caelestia/modules/dashboard/Content.qml
16f8bdb573fb4eada3cd140c810722f7493c8a08	.config/quickshell/caelestia/components/Anim.qml
16f8bdb573fb4eada3cd140c810722f7493c8a08	.local/share/bite-os/rices/caelestia/.config/quickshell/caelestia/components/Anim.qml
1710f72fc374acb6a0547557d136ee243633c630	.local/share/bite-os/rices/serpantinum/.local/share/serpantinum/src/quickshell/widgets/faces/ImageFaceRound.qml
17168de3e567b1d892123575888cbd370887379d	.config/quickshell/caelestia/components/CAnim.qml
17168de3e567b1d892123575888cbd370887379d	.local/share/bite-os/rices/caelestia/.config/quickshell/caelestia/components/CAnim.qml
176ded3ac398123f5cac1f0c03a083e74f429119	.local/share/bite-os/rices/serpantinum/.local/share/serpantinum/src/scripts/brightness.sh
176e4975aff30fd0c882a8d876bc50312b3493b8	.config/hypr/hyprland/general.conf
176e4975aff30fd0c882a8d876bc50312b3493b8	.local/share/bite-os/rices/caelestia/.config/hypr/hyprland/general.conf
179d59fc6d9cd8e6bbaeb67ed94de2b33e40d554	.config/quickshell/caelestia/modules/GSFLoader.qml
179d59fc6d9cd8e6bbaeb67ed94de2b33e40d554	.local/share/bite-os/rices/caelestia/.config/quickshell/caelestia/modules/GSFLoader.qml
17b75271327643f7de0e4a45d1e5fe673325c54d	.config/hypr/hyprland/env.conf
17b75271327643f7de0e4a45d1e5fe673325c54d	.local/share/bite-os/rices/caelestia/.config/hypr/hyprland/env.conf
17b9939772ff0f0dd859a897d0f77a40a6f4db4e	.config/glitch/bin/rice
181967e78fb873a59822dee343b86674872552bf	.config/quickshell/caelestia/services/Hypr.qml
181967e78fb873a59822dee343b86674872552bf	.local/share/bite-os/rices/caelestia/.config/quickshell/caelestia/services/Hypr.qml
1820409f09e35dd7f4e8d5797aaa8e3a10f317f8	.config/quickshell/caelestia/modules/windowinfo/Details.qml
1820409f09e35dd7f4e8d5797aaa8e3a10f317f8	.local/share/bite-os/rices/caelestia/.config/quickshell/caelestia/modules/windowinfo/Details.qml
18396c92f05bb8890d630f7dd1eae7f6dd56776b	.local/share/bite-os/rices/serpantinum/.local/share/serpantinum/src/assets/themes/Amethyst.json
185a6064c429b787ddcc1933e7dccb2913b71095	.config/quickshell/caelestia/modules/launcher/AppList.qml
185a6064c429b787ddcc1933e7dccb2913b71095	.local/share/bite-os/rices/caelestia/.config/quickshell/caelestia/modules/launcher/AppList.qml
189834284c34fcf78e2a83f585d3c5707675158e	.config/quickshell/caelestia/modules/bar/popouts/AudioPopout.qml
189834284c34fcf78e2a83f585d3c5707675158e	.local/share/bite-os/rices/caelestia/.config/quickshell/caelestia/modules/bar/popouts/AudioPopout.qml
18afbe34ce398d2fefc4312f2dd16685150b5cb0	.local/share/bite-os/rices/caelestia/.config/cava/shaders/spectrogram.frag
18afbe34ce398d2fefc4312f2dd16685150b5cb0	.local/share/bite-os/rices/serpantinum/.config/cava/shaders/spectrogram.frag
18d2e9731802f284088cc58ad208459c188cb156	.config/hypr/scripts/glitch-mode.sh
18d2e9731802f284088cc58ad208459c188cb156	.local/share/bite-os/rices/caelestia/.config/hypr/scripts/glitch-mode.sh
1933b2003fea273b030ae19ac97b7a61006d13ae	.local/share/bite-os/rices/serpantinum/.local/share/serpantinum/src/assets/languages/hy.json
19cb75a5f51aad21dfebda44d70ecd7ee195382f	.config/quickshell/caelestia/components/filedialog/HeaderBar.qml
19cb75a5f51aad21dfebda44d70ecd7ee195382f	.local/share/bite-os/rices/caelestia/.config/quickshell/caelestia/components/filedialog/HeaderBar.qml
19ecfb15a03fb2729ab1ecd3b02ea883a0a07600	.config/quickshell/caelestia/services/Notifs.qml
19ecfb15a03fb2729ab1ecd3b02ea883a0a07600	.local/share/bite-os/rices/caelestia/.config/quickshell/caelestia/services/Notifs.qml
1a03dd6c75706342f8087cbde138c971fdba39eb	.config/rofi/config.rasi
1a03dd6c75706342f8087cbde138c971fdba39eb	.local/share/bite-os/rices/caelestia/.config/rofi/config.rasi
1a03dd6c75706342f8087cbde138c971fdba39eb	.local/share/bite-os/rices/ilyamiro/.config/rofi/config.rasi
1a03dd6c75706342f8087cbde138c971fdba39eb	.local/share/bite-os/rices/serpantinum/.config/rofi/config.rasi
1a26545ee2cb236267949eee244ebb481a3f592a	.local/share/bite-os/rices/serpantinum/.local/share/serpantinum/src/scripts/system/exit.sh
1a710075b2b25accf13c43f7a29498fbd1c8a61d	.local/share/bite-os/rices/serpantinum/.local/share/serpantinum/src/quickshell/singletons/widgetcontrols/WidgetSync.qml
1b0713e9844989c40ff3f8a63d186a1d193b0a85	.local/share/bite-os/rices/serpantinum/.local/share/serpantinum/src/quickshell/singletons/info/SystemInfo.qml
1b18bfc3cb32663f8c6180fbb89fe753a081c700	.config/quickshell/ilyamiro-shell/Lock.qml
1b502e29908cff1ba739cf6fedc975dd68e35a59	.config/quickshell/caelestia/components/effects/InnerBorder.qml
1b502e29908cff1ba739cf6fedc975dd68e35a59	.local/share/bite-os/rices/caelestia/.config/quickshell/caelestia/components/effects/InnerBorder.qml
1b8740e9b59332cb1b76747e45a515e08f1eb9a7	.config/quickshell/caelestia/modules/launcher/services/Apps.qml
1b8740e9b59332cb1b76747e45a515e08f1eb9a7	.local/share/bite-os/rices/caelestia/.config/quickshell/caelestia/modules/launcher/services/Apps.qml
1bc2852f720637e69535659364aa5594af536521	.local/share/bite-os/rices/serpantinum/.local/share/serpantinum/src/assets/themes/Rose Pine Dawn.json
1c137e39fd39760b12624ace3c97535ea56338bb	.config/quickshell/caelestia/modules/dashboard/media/LyricsInfo.qml
1c137e39fd39760b12624ace3c97535ea56338bb	.local/share/bite-os/rices/caelestia/.config/quickshell/caelestia/modules/dashboard/media/LyricsInfo.qml
1c7797b038eb024568fd9b7ba2be55bdbeee5267	.config/hypr/shaders/bite-glitch.frag
1c7797b038eb024568fd9b7ba2be55bdbeee5267	.local/share/bite-os/rices/caelestia/.config/hypr/shaders/bite-glitch.frag
1c7fbdb0264f0406717bdb67877be4da3cf002e5	.config/quickshell/caelestia/components/widgets/CoverArt.qml
1c7fbdb0264f0406717bdb67877be4da3cf002e5	.local/share/bite-os/rices/caelestia/.config/quickshell/caelestia/components/widgets/CoverArt.qml
1cd9243e5075d256d3037c52ecdb7fe7ba97b92f	.config/quickshell/caelestia/modules/bar/popouts/kblayout/KbLayoutModel.qml
1cd9243e5075d256d3037c52ecdb7fe7ba97b92f	.local/share/bite-os/rices/caelestia/.config/quickshell/caelestia/modules/bar/popouts/kblayout/KbLayoutModel.qml
1d0070c7577601d001d3c4b5c877132309674db4	.local/share/bite-os/toys.installed
1d1efe5aca8b06d2d9b71e8225069f09924dec46	.config/hypr/hyprland/execs.conf
1d1efe5aca8b06d2d9b71e8225069f09924dec46	.local/share/bite-os/rices/caelestia/.config/hypr/hyprland/execs.conf
1d3c9ae3440ff806f08488fe4689144a5a401051	.config/matugen/templates/cava-colors.ini.template
1d3c9ae3440ff806f08488fe4689144a5a401051	.local/share/bite-os/rices/caelestia/.config/matugen/templates/cava-colors.ini.template
1d3c9ae3440ff806f08488fe4689144a5a401051	.local/share/bite-os/rices/ilyamiro/.config/matugen/templates/cava-colors.ini.template
1d3c9ae3440ff806f08488fe4689144a5a401051	.local/share/bite-os/rices/serpantinum/.config/matugen/templates/cava-colors.ini.template
1d8c85a9c1c470159750b3b3409668a4f7e44ccc	.config/quickshell/caelestia/components/controls/FilledSlider.qml
1d8c85a9c1c470159750b3b3409668a4f7e44ccc	.local/share/bite-os/rices/caelestia/.config/quickshell/caelestia/components/controls/FilledSlider.qml
1d99af3592a01eb0226331d6434a015138923f2f	.config/hypr/default_settings.json
1d99af3592a01eb0226331d6434a015138923f2f	.local/share/bite-os/rices/caelestia/.config/hypr/default_settings.json
1d99af3592a01eb0226331d6434a015138923f2f	.local/share/bite-os/rices/ilyamiro/.config/hypr/default_settings.json
1d99af3592a01eb0226331d6434a015138923f2f	.local/share/bite-os/rices/serpantinum/.config/hypr/default_settings.json
1d9cc11ab58bdbec11a7e2298aa7fd21eba5c774	.config/quickshell/caelestia/modules/nexus/common/ItemList.qml
1d9cc11ab58bdbec11a7e2298aa7fd21eba5c774	.local/share/bite-os/rices/caelestia/.config/quickshell/caelestia/modules/nexus/common/ItemList.qml
1da3daaf0df21eb6af3a68f7d17f54b104f2a65b	.local/share/bite-os/rices/serpantinum/.local/share/serpantinum/src/assets/themes/Sapphire.json
1da7ff34174a6d39d9728cb6d26154f4bc1e2e6e	.local/share/bite-os/rices/serpantinum/.local/share/serpantinum/src/assets/sounds/notifications/Sneak.mp3
1daeb4a294de17864b072773c41be3f70e291431	.config/quickshell/caelestia/modules/controlcenter/network/EthernetDetails.qml
1daeb4a294de17864b072773c41be3f70e291431	.local/share/bite-os/rices/caelestia/.config/quickshell/caelestia/modules/controlcenter/network/EthernetDetails.qml
1dc7fbf9ca3756b3dbca4a52297eeeb4469c976b	.config/quickshell/caelestia/services/NotifData.qml
1dc7fbf9ca3756b3dbca4a52297eeeb4469c976b	.local/share/bite-os/rices/caelestia/.config/quickshell/caelestia/services/NotifData.qml
1dde3de1f12a55573b39ed70d5e61ef92c15177e	.config/matugen/default.nix
1dde3de1f12a55573b39ed70d5e61ef92c15177e	.local/share/bite-os/rices/caelestia/.config/matugen/default.nix
1e5461f56acc2f5b1d8466f1a0e75959952c3d45	.config/quickshell/caelestia/modules/dashboard/LyricMenu.qml
1e5461f56acc2f5b1d8466f1a0e75959952c3d45	.local/share/bite-os/rices/caelestia/.config/quickshell/caelestia/modules/dashboard/LyricMenu.qml
1e67664aff42697c7dab6fc3cc018ee59a35e6c3	.local/share/bite-os/rices/serpantinum/.local/share/serpantinum/src/quickshell/guide/theme/theme_sorter.py
1e82b9965adec5cbfc03fd358bcc814e0396cf7a	.config/hypr/scripts/quickshell/wallpaper/matugen_reload.sh
1e82b9965adec5cbfc03fd358bcc814e0396cf7a	.local/share/bite-os/rices/caelestia/.config/hypr/scripts/quickshell/wallpaper/matugen_reload.sh
1e82b9965adec5cbfc03fd358bcc814e0396cf7a	.local/share/bite-os/rices/ilyamiro/.config/hypr/scripts/quickshell/wallpaper/matugen_reload.sh
1e82b9965adec5cbfc03fd358bcc814e0396cf7a	.local/share/bite-os/rices/serpantinum/.config/hypr/scripts/quickshell/wallpaper/matugen_reload.sh
1e932dbada980a4afbcafba5fb94a42ea0c8375e	.config/quickshell/caelestia/components/images/CachingImage.qml
1e932dbada980a4afbcafba5fb94a42ea0c8375e	.local/share/bite-os/rices/caelestia/.config/quickshell/caelestia/components/images/CachingImage.qml
1ecdce2dfea48589211268b95b1c1c260dc8b8ca	.local/share/bite-os/rices/serpantinum/.local/share/serpantinum/src/quickshell/popouts/TrayBase.qml
1eec5644176f961fcbb5eb682d1457636af5ff53	.config/hypr/scripts/quickshell/settings/SettingsPopup.qml
1eec5644176f961fcbb5eb682d1457636af5ff53	.local/share/bite-os/rices/caelestia/.config/hypr/scripts/quickshell/settings/SettingsPopup.qml
1eec5644176f961fcbb5eb682d1457636af5ff53	.local/share/bite-os/rices/ilyamiro/.config/hypr/scripts/quickshell/settings/SettingsPopup.qml
1eec5644176f961fcbb5eb682d1457636af5ff53	.local/share/bite-os/rices/serpantinum/.config/hypr/scripts/quickshell/settings/SettingsPopup.qml
1eeec9da3f2aa6f399a00fcb5a95c9f1ed56ad97	.local/share/bite-os/rices/serpantinum/.local/share/serpantinum/src/quickshell/singletons/system/Updater.qml
1eefbffb98670778826d452f8e938f26d57224ae	.local/share/bite-os/rices/serpantinum/.local/share/serpantinum/src/quickshell/reusables/ImagePicker.qml
1f38aa00d397aa348f40a0630b93e0b4d930739a	.config/quickshell/caelestia/modules/lock/Resources.qml
1f38aa00d397aa348f40a0630b93e0b4d930739a	.local/share/bite-os/rices/caelestia/.config/quickshell/caelestia/modules/lock/Resources.qml
1f42304d6170648e4e29ae7074bc355db97b73ac	.config/caelestia/hypr-user.conf
1f792588dd1b5bd7d62b975bb709b30ecf848fd0	.config/glitch/bin/install-glitch-os-system.sh
1fc0f84af7b1827b3b831ad082a465390440e112	.config/hypr/hypridle.conf
1fc0f84af7b1827b3b831ad082a465390440e112	.local/share/bite-os/rices/caelestia/.config/hypr/hypridle.conf
1fc0f84af7b1827b3b831ad082a465390440e112	.local/share/bite-os/rices/ilyamiro/.config/hypr/hypridle.conf
1fc0f84af7b1827b3b831ad082a465390440e112	.local/share/bite-os/rices/serpantinum/.config/hypr/hypridle.conf
1fd057b7059d1e8b857719e7c095b97a9df6a0de	.config/quickshell/caelestia/modules/nexus/common/EthernetSection.qml
1fd057b7059d1e8b857719e7c095b97a9df6a0de	.local/share/bite-os/rices/caelestia/.config/quickshell/caelestia/modules/nexus/common/EthernetSection.qml
1fdc967412cc3969c20fae987e5f0bc414ccd267	.local/share/bite-os/rices/serpantinum/.local/share/serpantinum/src/quickshell/guide/IdleTab.qml
200057cac518b522352dfc31e2550f0e167d95f2	.local/share/bite-os/rices/caelestia/.config/cava/themes/solarized_dark
200057cac518b522352dfc31e2550f0e167d95f2	.local/share/bite-os/rices/serpantinum/.config/cava/themes/solarized_dark
2030bf80e3702b218c9f684d8fffab7ac9d0405d	.config/quickshell/caelestia/modules/bar/components/workspaces/Workspaces.qml
2030bf80e3702b218c9f684d8fffab7ac9d0405d	.local/share/bite-os/rices/caelestia/.config/quickshell/caelestia/modules/bar/components/workspaces/Workspaces.qml
208be1a795c674234114d1c478a825e75867d1c9	.config/hypr/scripts/quickshell/watchers/audio_wait.sh
208be1a795c674234114d1c478a825e75867d1c9	.config/quickshell/ilyamiro-shell/watchers/audio_wait.sh
208be1a795c674234114d1c478a825e75867d1c9	.local/share/bite-os/rices/caelestia/.config/hypr/scripts/quickshell/watchers/audio_wait.sh
208be1a795c674234114d1c478a825e75867d1c9	.local/share/bite-os/rices/caelestia/.config/quickshell/ilyamiro-shell/watchers/audio_wait.sh
208be1a795c674234114d1c478a825e75867d1c9	.local/share/bite-os/rices/ilyamiro/.config/hypr/scripts/quickshell/watchers/audio_wait.sh
208be1a795c674234114d1c478a825e75867d1c9	.local/share/bite-os/rices/serpantinum/.config/hypr/scripts/quickshell/watchers/audio_wait.sh
20d70e795be8e06669aedea916dcab3db032b25a	.config/quickshell/caelestia/modules/nexus/pages/services/NotificationsPage.qml
20d70e795be8e06669aedea916dcab3db032b25a	.local/share/bite-os/rices/caelestia/.config/quickshell/caelestia/modules/nexus/pages/services/NotificationsPage.qml
215e84e1115a157e2fbaf9482c5f64b006173b7b	.local/share/bite-os/rices/serpantinum/.local/share/serpantinum/src/quickshell/widgets/faces/RiceSavesFace.qml
215f550ef161b1b8b516e80a5b64e74fbfd32614	.config/hypr/variables.conf
215f550ef161b1b8b516e80a5b64e74fbfd32614	.local/share/bite-os/rices/caelestia/.config/hypr/variables.conf
21dd9462ffc568d9a39e6a571c0c548aa55dfb56	.local/share/bite-os/rices/serpantinum/.local/share/serpantinum/src/scripts/blue_light_filter.sh
21f2934e1dac801024cb2c3754de06b6159fce4c	.config/quickshell/caelestia/modules/utilities/toasts/Toasts.qml
21f2934e1dac801024cb2c3754de06b6159fce4c	.local/share/bite-os/rices/caelestia/.config/quickshell/caelestia/modules/utilities/toasts/Toasts.qml
21ff34eb8f9893f4eaeb6530cf46b71e0ca64878	.config/quickshell/caelestia/modules/background/Wallpaper.qml
21ff34eb8f9893f4eaeb6530cf46b71e0ca64878	.local/share/bite-os/rices/caelestia/.config/quickshell/caelestia/modules/background/Wallpaper.qml
2209347518ef3639807791c8cc152f4aa72dfa9b	.config/hypr/scripts/wallpaper-guard.sh
2209347518ef3639807791c8cc152f4aa72dfa9b	.local/share/bite-os/rices/caelestia/.config/hypr/scripts/wallpaper-guard.sh
223adcb2652b2497e8b8dc2bedd44451d9518d4b	.config/hypr/scripts/quickshell/network/bluetooth_panel_logic.sh
223adcb2652b2497e8b8dc2bedd44451d9518d4b	.config/quickshell/ilyamiro-shell/network/bluetooth_panel_logic.sh
223adcb2652b2497e8b8dc2bedd44451d9518d4b	.local/share/bite-os/rices/caelestia/.config/hypr/scripts/quickshell/network/bluetooth_panel_logic.sh
223adcb2652b2497e8b8dc2bedd44451d9518d4b	.local/share/bite-os/rices/caelestia/.config/quickshell/ilyamiro-shell/network/bluetooth_panel_logic.sh
223adcb2652b2497e8b8dc2bedd44451d9518d4b	.local/share/bite-os/rices/ilyamiro/.config/hypr/scripts/quickshell/network/bluetooth_panel_logic.sh
223adcb2652b2497e8b8dc2bedd44451d9518d4b	.local/share/bite-os/rices/serpantinum/.config/hypr/scripts/quickshell/network/bluetooth_panel_logic.sh
22622f4d813da870973aa3eab8a76985e1eaded9	.config/quickshell/caelestia/modules/background/Visualiser.qml
22622f4d813da870973aa3eab8a76985e1eaded9	.local/share/bite-os/rices/caelestia/.config/quickshell/caelestia/modules/background/Visualiser.qml
22a2e32448e21447f48913d5e7b3c0a2efd75eaf	.local/share/bite-os/rices/serpantinum/.local/share/serpantinum/src/scripts/brightness.sh
22f5cc5fe179d9332893497d7b5b1523911aaab8	.local/share/bite-os/rices/serpantinum/.local/share/serpantinum/src/assets/fonts/IosevkaNerdFont-Bold.ttf
231e9a0dd2f4bb224acb64fc34912a77ed6f8556	.config/quickshell/caelestia/modules/nexus/pages/network/AllNetworksPage.qml
231e9a0dd2f4bb224acb64fc34912a77ed6f8556	.local/share/bite-os/rices/caelestia/.config/quickshell/caelestia/modules/nexus/pages/network/AllNetworksPage.qml
232426c17a2448b5229c5db0563489a528c91d45	.config/quickshell/caelestia/components/controls/ToggleButton.qml
232426c17a2448b5229c5db0563489a528c91d45	.local/share/bite-os/rices/caelestia/.config/quickshell/caelestia/components/controls/ToggleButton.qml
233aa320ea460fa668ade976028464ba2bbc82f0	.local/share/bite-os/rices/caelestia/.config/cava/config
235161c74c8cfc3a008d8fa1717e541bd7f3ebd7	.local/share/bite-os/rices/serpantinum/.local/share/serpantinum/src/quickshell/WindowRegistry.js
236fb49411576db5c1cea9b390391e94f7b8fd19	.local/share/bite-os/rices/serpantinum/.local/share/serpantinum/src/scripts/current_focus.sh
2372c86cdca75ed48cf77500aea5d61aead5c18c	.config/quickshell/caelestia/components/controls/CircularProgress.qml
2372c86cdca75ed48cf77500aea5d61aead5c18c	.local/share/bite-os/rices/caelestia/.config/quickshell/caelestia/components/controls/CircularProgress.qml
23b042747526622746bdbc4b3a85776e776cc1d7	.local/share/bite-os/rices/serpantinum/.local/share/serpantinum/src/quickshell/widgets/Widget.qml
23f68918f1cf5be24c1a8bdb9df17f4ec4e62381	.local/share/bite-os/rices/serpantinum/.local/share/serpantinum/src/quickshell/guide/theme/FontPicker.qml
247e53c282e9ab43e8f7c7e29fa16f93d98511ad	.config/hypr/scripts/quickshell/guide/previews/preview_focustime.png
247e53c282e9ab43e8f7c7e29fa16f93d98511ad	.config/quickshell/ilyamiro-shell/guide/previews/preview_focustime.png
247e53c282e9ab43e8f7c7e29fa16f93d98511ad	.local/share/bite-os/rices/caelestia/.config/hypr/scripts/quickshell/guide/previews/preview_focustime.png
247e53c282e9ab43e8f7c7e29fa16f93d98511ad	.local/share/bite-os/rices/caelestia/.config/quickshell/ilyamiro-shell/guide/previews/preview_focustime.png
247e53c282e9ab43e8f7c7e29fa16f93d98511ad	.local/share/bite-os/rices/ilyamiro/.config/hypr/scripts/quickshell/guide/previews/preview_focustime.png
247e53c282e9ab43e8f7c7e29fa16f93d98511ad	.local/share/bite-os/rices/serpantinum/.config/hypr/scripts/quickshell/guide/previews/preview_focustime.png
24c7d6e8b7011a3c7c3116fee9f7a6cbd0b7c55d	.config/quickshell/caelestia/components/controls/StyledRadioButton.qml
24c7d6e8b7011a3c7c3116fee9f7a6cbd0b7c55d	.local/share/bite-os/rices/caelestia/.config/quickshell/caelestia/components/controls/StyledRadioButton.qml
24f635a3d0c9cedd2d31122f159d8a4bfc949f00	.local/share/bite-os/rices/serpantinum/.local/share/serpantinum/src/assets/fonts/3270NerdFont-Regular.ttf
2504a50f7a96a4ef75e31b14519adab1044c5e23	.config/hypr/scripts/quickshell/Caching.qml
2504a50f7a96a4ef75e31b14519adab1044c5e23	.config/quickshell/ilyamiro-shell/Caching.qml
2504a50f7a96a4ef75e31b14519adab1044c5e23	.local/share/bite-os/rices/caelestia/.config/hypr/scripts/quickshell/Caching.qml
2504a50f7a96a4ef75e31b14519adab1044c5e23	.local/share/bite-os/rices/caelestia/.config/quickshell/ilyamiro-shell/Caching.qml
2504a50f7a96a4ef75e31b14519adab1044c5e23	.local/share/bite-os/rices/ilyamiro/.config/hypr/scripts/quickshell/Caching.qml
2504a50f7a96a4ef75e31b14519adab1044c5e23	.local/share/bite-os/rices/serpantinum/.config/hypr/scripts/quickshell/Caching.qml
258a0bbd5812ff3103dffe6fb6c5e42ec8076637	.config/hypr/scripts/ppd-spaceship-watch.sh
260f99e4f58cd68df30ff52d142974c385a7012a	.config/hypr/scripts/quickshell/music/equalizer.sh
260f99e4f58cd68df30ff52d142974c385a7012a	.config/quickshell/ilyamiro-shell/music/equalizer.sh
260f99e4f58cd68df30ff52d142974c385a7012a	.local/share/bite-os/rices/caelestia/.config/hypr/scripts/quickshell/music/equalizer.sh
260f99e4f58cd68df30ff52d142974c385a7012a	.local/share/bite-os/rices/caelestia/.config/quickshell/ilyamiro-shell/music/equalizer.sh
260f99e4f58cd68df30ff52d142974c385a7012a	.local/share/bite-os/rices/ilyamiro/.config/hypr/scripts/quickshell/music/equalizer.sh
260f99e4f58cd68df30ff52d142974c385a7012a	.local/share/bite-os/rices/serpantinum/.config/hypr/scripts/quickshell/music/equalizer.sh
2677698b8e79c4be6bb2fea88a3013cc53ec4462	.config/quickshell/caelestia/modules/sidebar/NotifDockList.qml
2677698b8e79c4be6bb2fea88a3013cc53ec4462	.local/share/bite-os/rices/caelestia/.config/quickshell/caelestia/modules/sidebar/NotifDockList.qml
26a75e9b519732c66c7e23f113555b019b4f0c6c	.config/quickshell/caelestia/services/LyricsService.qml
26a75e9b519732c66c7e23f113555b019b4f0c6c	.local/share/bite-os/rices/caelestia/.config/quickshell/caelestia/services/LyricsService.qml
26ae9ba1a9c6d8df8e22178f6a2b7c346a7f2de2	.config/quickshell/caelestia/modules/lock/Content.qml
26ae9ba1a9c6d8df8e22178f6a2b7c346a7f2de2	.local/share/bite-os/rices/caelestia/.config/quickshell/caelestia/modules/lock/Content.qml
26cbaff1c2c1e5c38629767e66fb179d6dd66f08	.config/quickshell/caelestia/modules/nexus/PageRegistry.qml
26cbaff1c2c1e5c38629767e66fb179d6dd66f08	.local/share/bite-os/rices/caelestia/.config/quickshell/caelestia/modules/nexus/PageRegistry.qml
26f0585e4b1a81cb94dd5d9dc0f63a09002a7d1a	.local/share/bite-os/rices/serpantinum/.local/share/serpantinum/src/assets/fonts/IosevkaNerdFont-Regular.ttf
27195a687d2fb04783d0d2d6ba4db37f94e7caa7	.local/share/bite-os/rices/ilyamiro/.config/hypr/config/keybindings.conf
271c00a07c0de0a459634f176c4ffd32ce48b9e5	.local/share/bite-os/rices/serpantinum/.local/share/serpantinum/src/quickshell/guide/notifications/NotificationsTab.qml
2769bdb99e4ff8b263ee6c11c952f76d636f6ca4	.config/hypr/scripts/quickshell/wallpaper/get_ddg_links.py
2769bdb99e4ff8b263ee6c11c952f76d636f6ca4	.config/quickshell/ilyamiro-shell/wallpaper/get_ddg_links.py
2769bdb99e4ff8b263ee6c11c952f76d636f6ca4	.local/share/bite-os/rices/caelestia/.config/hypr/scripts/quickshell/wallpaper/get_ddg_links.py
2769bdb99e4ff8b263ee6c11c952f76d636f6ca4	.local/share/bite-os/rices/caelestia/.config/quickshell/ilyamiro-shell/wallpaper/get_ddg_links.py
2769bdb99e4ff8b263ee6c11c952f76d636f6ca4	.local/share/bite-os/rices/ilyamiro/.config/hypr/scripts/quickshell/wallpaper/get_ddg_links.py
2769bdb99e4ff8b263ee6c11c952f76d636f6ca4	.local/share/bite-os/rices/serpantinum/.config/hypr/scripts/quickshell/wallpaper/get_ddg_links.py
27bde70d32b2d5d8bd46d523580308090b17e3e9	.config/quickshell/caelestia/modules/dashboard/Dash.qml
27bde70d32b2d5d8bd46d523580308090b17e3e9	.local/share/bite-os/rices/caelestia/.config/quickshell/caelestia/modules/dashboard/Dash.qml
2828d6f6816b312fec5cf89649208f5fb4819b9c	.config/quickshell/caelestia/modules/utilities/toasts/Toasts.qml
2828d6f6816b312fec5cf89649208f5fb4819b9c	.local/share/bite-os/rices/caelestia/.config/quickshell/caelestia/modules/utilities/toasts/Toasts.qml
284b705b650e82417b40634be76a9ff5942eadf8	.config/glitch/bin/install-glitch-os-system.sh
284c286e55c05cb62ad83e31a6916b70fb307a18	.config/quickshell/caelestia/modules/nexus/pages/panels/LauncherPanel.qml
284c286e55c05cb62ad83e31a6916b70fb307a18	.local/share/bite-os/rices/caelestia/.config/quickshell/caelestia/modules/nexus/pages/panels/LauncherPanel.qml
28a03564fe2325e85af25d6a573777207e70a831	.config/quickshell/caelestia/modules/drawers/Panels.qml
28a03564fe2325e85af25d6a573777207e70a831	.local/share/bite-os/rices/caelestia/.config/quickshell/caelestia/modules/drawers/Panels.qml
28dfbe55f0091800e3326c0c4f47a1a551b91429	.config/quickshell/caelestia/shell.qml
28dfbe55f0091800e3326c0c4f47a1a551b91429	.local/share/bite-os/rices/caelestia/.config/quickshell/caelestia/shell.qml
292ff7a27d5e594e170e85de08e7ca89de3a4716	.local/share/bite-os/rices/serpantinum/.local/share/serpantinum/src/assets/themes/Bronze.json
295aebff7d88b5dce8148b57350bfca15421f38c	.local/share/bite-os/rices/serpantinum/.config/serpantinum/bite-widgets.json
298b06989ce62c0fd5a69c4550263ac5383b5a19	.local/share/bite-os/rices/serpantinum/.local/share/serpantinum/src/quickshell/quickactions/actions/DrawAction.qml
299b29319ea01ad226a1177142e82d113c6564da	.config/hypr/default_settings.json
29c0c1d7f6704ebcb979d093c81ee9079f469310	.config/glitch/bin/glitch-power.sh
29f7ada89a574524de850df35540bd2471f32bab	.config/glitch/bin/glitch-fetch.sh
2a171ac006833b048575fc066c8bfb7c86c675be	.local/share/bite-os/rices/serpantinum/.local/share/serpantinum/src/scripts/system/exit.sh
2a1dacec76fc868c92943881d76a800aa1cb2651	.config/quickshell/caelestia/components/controls/IconTextButton.qml
2a1dacec76fc868c92943881d76a800aa1cb2651	.local/share/bite-os/rices/caelestia/.config/quickshell/caelestia/components/controls/IconTextButton.qml
2a390926d139af9acc6e93bdbd2fdbbf940a1c7e	.config/quickshell/caelestia/modules/sidebar/Notif.qml
2a390926d139af9acc6e93bdbd2fdbbf940a1c7e	.local/share/bite-os/rices/caelestia/.config/quickshell/caelestia/modules/sidebar/Notif.qml
2a670cffb9c893e9029058f931a1410ffa678b8b	.config/quickshell/caelestia/assets/pam.d/howdy
2a670cffb9c893e9029058f931a1410ffa678b8b	.local/share/bite-os/rices/caelestia/.config/quickshell/caelestia/assets/pam.d/howdy
2a6b248f687a8d92115d1a3891e6696f2c7a7bb2	.config/hypr/scripts/quickshell/clipboard/ClipboardManager.qml
2a6b248f687a8d92115d1a3891e6696f2c7a7bb2	.config/quickshell/ilyamiro-shell/clipboard/ClipboardManager.qml
2a6b248f687a8d92115d1a3891e6696f2c7a7bb2	.local/share/bite-os/rices/caelestia/.config/hypr/scripts/quickshell/clipboard/ClipboardManager.qml
2a6b248f687a8d92115d1a3891e6696f2c7a7bb2	.local/share/bite-os/rices/caelestia/.config/quickshell/ilyamiro-shell/clipboard/ClipboardManager.qml
2a6b248f687a8d92115d1a3891e6696f2c7a7bb2	.local/share/bite-os/rices/ilyamiro/.config/hypr/scripts/quickshell/clipboard/ClipboardManager.qml
2a6b248f687a8d92115d1a3891e6696f2c7a7bb2	.local/share/bite-os/rices/serpantinum/.config/hypr/scripts/quickshell/clipboard/ClipboardManager.qml
2a705cfc8a6df20f810609547c702d5b780882e8	.config/hypr/hyprland/decoration.conf
2a705cfc8a6df20f810609547c702d5b780882e8	.local/share/bite-os/rices/caelestia/.config/hypr/hyprland/decoration.conf
2ad31f9f654ee37f944cbeef4a86097679530a9f	.config/quickshell/caelestia/components/filedialog/Sizes.qml
2ad31f9f654ee37f944cbeef4a86097679530a9f	.local/share/bite-os/rices/caelestia/.config/quickshell/caelestia/components/filedialog/Sizes.qml
2ada645f0b7b943c7dd966799c78174ff084ab3e	.local/share/bite-os/rices/serpantinum/.local/share/serpantinum/src/quickshell/guide/wellbeing/focus_daemon.py
2af0915515e47580cab2a8cb786048712815505d	.local/share/bite-os/rices/serpantinum/.local/share/serpantinum/src/quickshell/singletons/widgetcontrols/TrayMenuController.qml
2b39dbc91190150f5a852353a4504d720bc91e64	.local/share/bite-os/rices/serpantinum/.local/share/serpantinum/src/assets/themes/Dracula.json
2b43e6b4dc5e5f42ab7a7e14a73ae13316c2731e	.config/quickshell/caelestia/modules/dashboard/media/Details.qml
2b43e6b4dc5e5f42ab7a7e14a73ae13316c2731e	.local/share/bite-os/rices/caelestia/.config/quickshell/caelestia/modules/dashboard/media/Details.qml
2b93194a352404b52fdb4849214100714983eb02	.local/share/bite-os/rices/serpantinum/.local/share/serpantinum/src/assets/sounds/reusables/toggle/sfx.wav
2ba3810ce3dcd40ef1cf1ce5a7bd8b4fc622234e	.config/hypr/hyprland/input.conf
2ba3810ce3dcd40ef1cf1ce5a7bd8b4fc622234e	.local/share/bite-os/rices/caelestia/.config/hypr/hyprland/input.conf
2bd3c8cb8b5baae80a6c54dc78205dc65932e323	.config/quickshell/caelestia/modules/bar/components/workspaces/OccupiedBg.qml
2bd3c8cb8b5baae80a6c54dc78205dc65932e323	.local/share/bite-os/rices/caelestia/.config/quickshell/caelestia/modules/bar/components/workspaces/OccupiedBg.qml
2c076e8daa0efbee3a28adaed3d8ff8a7ad26401	.config/hypr/config/monitors.conf
2c076e8daa0efbee3a28adaed3d8ff8a7ad26401	.local/share/bite-os/rices/caelestia/.config/hypr/config/monitors.conf
2c076e8daa0efbee3a28adaed3d8ff8a7ad26401	.local/share/bite-os/rices/ilyamiro/.config/hypr/config/monitors.conf
2c10a3e39b9df8e2a0a664b14ff91b8a3b3785f7	.local/share/bite-os/rices/serpantinum/.local/share/serpantinum/src/quickshell/bar/modules/WeatherWidget.qml
2c1a98f1694b947e291706f1a103a00e53a2479a	.local/share/bite-os/rices/serpantinum/.local/share/serpantinum/src/quickshell/reusables/FillButton.qml
2c279a538846d7e7a3b23068a0467170548ba3a9	.local/share/bite-os/rices/serpantinum/.local/share/serpantinum/src/assets/sounds/start/exit.wav
2c2bf8c254623186298331355388b8146ebeba2e	.local/share/bite-os/rices/serpantinum/.local/share/serpantinum/src/quickshell/bar/sidemodules/system/SideWifiWidget.qml
2c63c0851048d8f7bff41ecf0f8cee05f52fd120	.config/caelestia/monitors/eDP-1/shell.json
2c63c0851048d8f7bff41ecf0f8cee05f52fd120	.local/share/bite-os/rices/caelestia/.config/caelestia/monitors/eDP-1/shell.json
2c91ff646616e7645b95fb00eea3e35ad126c57d	.config/hypr/scripts/bite-spaceship-power
2c91ff646616e7645b95fb00eea3e35ad126c57d	.local/share/bite-os/rices/caelestia/.config/hypr/scripts/bite-spaceship-power
2ce8c5008737cfab2028f103011db11c9ee6a087	.config/quickshell/caelestia/components/StateLayer.qml
2ce8c5008737cfab2028f103011db11c9ee6a087	.local/share/bite-os/rices/caelestia/.config/quickshell/caelestia/components/StateLayer.qml
2d0dcd29bd41307f6d359d923ad4e0246ac00608	.local/share/bite-os/rices/serpantinum/.local/share/serpantinum/src/quickshell/reusables/ClickButton.qml
2df877df716cd4a90c2ac11c87d93b8cef52dd6c	.local/share/bite-os/rices/serpantinum/.local/share/serpantinum/src/quickshell/singletons/system/Config.qml
2e0f085b78b0d0ae2a61ed57da777016f2112b57	.config/quickshell/caelestia/modules/dashboard/dash/Resources.qml
2e0f085b78b0d0ae2a61ed57da777016f2112b57	.local/share/bite-os/rices/caelestia/.config/quickshell/caelestia/modules/dashboard/dash/Resources.qml
2e31adbffcdfe3544d377207523de63872aaa7c4	.config/quickshell/caelestia/components/controls/StyledSwitch.qml
2e31adbffcdfe3544d377207523de63872aaa7c4	.local/share/bite-os/rices/caelestia/.config/quickshell/caelestia/components/controls/StyledSwitch.qml
2e462b466bade20c33b80811034591a87d2a1090	.config/quickshell/caelestia/modules/utilities/RecordingDeleteModal.qml
2e462b466bade20c33b80811034591a87d2a1090	.local/share/bite-os/rices/caelestia/.config/quickshell/caelestia/modules/utilities/RecordingDeleteModal.qml
2ea9d7b9dbaefb9377ea01f02434f18758e93508	.local/share/bite-os/rices/serpantinum/.local/share/serpantinum/src/quickshell/dock/Dock.qml
2ebdc433914bf39e68ddcba69d9967aae7dee092	.local/share/bite-os/rices/serpantinum/.local/share/serpantinum/src/quickshell/guide/theme/ThemeTab.qml
2ef1e3a7a582cc3febbc3e750482784a8b213f2a	.config/quickshell/ilyamiro-shell/guide/GuidePopup.qml
2ef1e3a7a582cc3febbc3e750482784a8b213f2a	.local/share/bite-os/rices/caelestia/.config/quickshell/ilyamiro-shell/guide/GuidePopup.qml
2fa174198cf3f0c44880c7a327407f1de10e4dc4	.config/glitch/CREDITS.md
300ebdf86cc01cd5c72926d3634890d20c0acd9d	.config/quickshell/caelestia/modules/bar/components/status/BluetoothStatus.qml
300ebdf86cc01cd5c72926d3634890d20c0acd9d	.local/share/bite-os/rices/caelestia/.config/quickshell/caelestia/modules/bar/components/status/BluetoothStatus.qml
3055579212491c66d2808babcb9754a15c9b3638	.config/glitch/bin/rice
306c7e2fc2313435584284c89c6b5d245164d3e6	.local/share/bite-os/rices/serpantinum/.local/share/serpantinum/src/quickshell/widgets/faces/WeatherFaceFull.qml
30703067184afceae9bb094b5e51f1fc38448819	.config/caelestia/shell.json
30703067184afceae9bb094b5e51f1fc38448819	.local/share/bite-os/rices/caelestia/.config/caelestia/shell.json
30735761f5d90ddbb27a909a234b609a1e7281fc	.config/cava/config
30735761f5d90ddbb27a909a234b609a1e7281fc	.local/share/bite-os/rices/caelestia/.config/cava/config
30b889ecba03fdc00e94acf90b7cda1cf491d150	.config/hypr/scripts/quickshell/notifications/NotificationPopups.qml
30b889ecba03fdc00e94acf90b7cda1cf491d150	.config/quickshell/ilyamiro-shell/notifications/NotificationPopups.qml
30b889ecba03fdc00e94acf90b7cda1cf491d150	.local/share/bite-os/rices/caelestia/.config/hypr/scripts/quickshell/notifications/NotificationPopups.qml
30b889ecba03fdc00e94acf90b7cda1cf491d150	.local/share/bite-os/rices/caelestia/.config/quickshell/ilyamiro-shell/notifications/NotificationPopups.qml
30b889ecba03fdc00e94acf90b7cda1cf491d150	.local/share/bite-os/rices/ilyamiro/.config/hypr/scripts/quickshell/notifications/NotificationPopups.qml
30b889ecba03fdc00e94acf90b7cda1cf491d150	.local/share/bite-os/rices/serpantinum/.config/hypr/scripts/quickshell/notifications/NotificationPopups.qml
30e66890ca8ba7c1ab07e424113825b7d03d6604	.config/quickshell/caelestia/components/controls/IconTextButton.qml
30e66890ca8ba7c1ab07e424113825b7d03d6604	.local/share/bite-os/rices/caelestia/.config/quickshell/caelestia/components/controls/IconTextButton.qml
3111187e10447fc9778f7a66463c45d79eee51b9	.config/quickshell/ilyamiro-shell/MatugenColors.qml
3111187e10447fc9778f7a66463c45d79eee51b9	.local/share/bite-os/rices/caelestia/.config/quickshell/ilyamiro-shell/MatugenColors.qml
31344719df28a60f3455e8cbbaa2fe673d866d56	.local/share/bite-os/rices/serpantinum/.local/share/serpantinum/src/quickshell/popouts/SideMusicPopout.qml
319564f75a9f85f8fadfaed72dc15d5a9a617bc1	.config/hypr/config/variables.conf
319564f75a9f85f8fadfaed72dc15d5a9a617bc1	.local/share/bite-os/rices/caelestia/.config/hypr/config/variables.conf
319564f75a9f85f8fadfaed72dc15d5a9a617bc1	.local/share/bite-os/rices/ilyamiro/.config/hypr/config/variables.conf
319564f75a9f85f8fadfaed72dc15d5a9a617bc1	.local/share/bite-os/rices/serpantinum/.config/hypr/config/variables.conf
31ed6ac8b0910583f917416e6108a4469249025e	.local/share/bite-os/rices/serpantinum/.config/hypr/config/settings.conf
324e0b08da5d36adb9cc7013d97fea309b7c355f	.local/share/bite-os/rices/serpantinum/.config/hypr/scripts/settings_watcher.sh
326a77c1cbf3b379830189b84279acb8f5766bca	.local/share/bite-os/rices/serpantinum/.local/share/serpantinum/src/assets/themes/Obsidian.json
3280ac50f9f06261ed79f50fbd3baf6b4c1ddfcf	.local/share/bite-os/rices/serpantinum/.local/share/serpantinum/src/quickshell/guide/general/qmldir
3286e319fddb4e05a6f71b93cd21b227983a24bc	.config/quickshell/caelestia/components/DrawerVisibilities.qml
3286e319fddb4e05a6f71b93cd21b227983a24bc	.local/share/bite-os/rices/caelestia/.config/quickshell/caelestia/components/DrawerVisibilities.qml
32a4ded5f60cc77a7b0fb3ae3fe3f691de2395bf	.config/glitch/bin/glitch-update.sh
32a9e7160eb0f13405d353a4621a8af9d564a6e0	.local/share/bite-os/rices/serpantinum/.local/share/serpantinum/src/quickshell/Dim.qml
331a5e1deb6cc7db85fefd095aa3cc5a87012766	.local/share/bite-os/rices/serpantinum/.local/share/serpantinum/src/assets/themes/Rhodonite.json
331ae95558b88d887e277515a096ca1f665f7550	.local/share/bite-os/rices/serpantinum/.local/share/serpantinum/src/assets/fonts/CousineNerdFont-Regular.ttf
33641dd926fb0d7570f9bde8778c906943c07e44	.local/share/bite-os/rices/serpantinum/.local/share/serpantinum/src/assets/sounds/tutorial/tip_guide.wav
337942436d9e6806eba5ee18a0395b4db7fdd390	.config/quickshell/caelestia/services/NotifData.qml
337942436d9e6806eba5ee18a0395b4db7fdd390	.local/share/bite-os/rices/caelestia/.config/quickshell/caelestia/services/NotifData.qml
33ae820652b92b30820591252d6bacd7bbe17145	.local/share/bite-os/rices/serpantinum/.local/share/serpantinum/src/scripts/weather.sh
3418dcf606dd93bd22d7a760a7b3c81f7b0114c7	.local/share/bite-os/rices/serpantinum/.local/share/serpantinum/src/assets/languages/de.json
3597152564781ca704664bba262bfaa7c0eaa282	.config/quickshell/caelestia/components/controls/TextButton.qml
3597152564781ca704664bba262bfaa7c0eaa282	.local/share/bite-os/rices/caelestia/.config/quickshell/caelestia/components/controls/TextButton.qml
35a7b7c0b546673aac8d27d4ee17df03a485994c	.config/quickshell/caelestia/components/controls/StyledSpinBox.qml
35a7b7c0b546673aac8d27d4ee17df03a485994c	.local/share/bite-os/rices/caelestia/.config/quickshell/caelestia/components/controls/StyledSpinBox.qml
35e868d8485c01c076e2ff89224ea0011818ace3	.local/share/bite-os/rices/serpantinum/.local/share/serpantinum/src/assets/sounds/reusables/draggable/tick.wav
3606425e0879f5e2091c2477a704fa0de4d098f4	.config/quickshell/caelestia/modules/nexus/pages/network/SavedNetworksPage.qml
3606425e0879f5e2091c2477a704fa0de4d098f4	.local/share/bite-os/rices/caelestia/.config/quickshell/caelestia/modules/nexus/pages/network/SavedNetworksPage.qml
3663f4bc4900e0838e30a6ed17bb74aece8a066b	.config/quickshell/caelestia/modules/launcher/WallpaperList.qml
3663f4bc4900e0838e30a6ed17bb74aece8a066b	.local/share/bite-os/rices/caelestia/.config/quickshell/caelestia/modules/launcher/WallpaperList.qml
3679adffd50b1084b9b6bc84995dc4bef45e3f40	.config/hypr/scripts/quickshell/Shell.qml
3679adffd50b1084b9b6bc84995dc4bef45e3f40	.local/share/bite-os/rices/caelestia/.config/hypr/scripts/quickshell/Shell.qml
3679adffd50b1084b9b6bc84995dc4bef45e3f40	.local/share/bite-os/rices/ilyamiro/.config/hypr/scripts/quickshell/Shell.qml
3679adffd50b1084b9b6bc84995dc4bef45e3f40	.local/share/bite-os/rices/serpantinum/.config/hypr/scripts/quickshell/Shell.qml
36a9e0fa961005f8c74a46ed6407bba623700dc0	.config/hypr/scripts/quickshell/guide/GuidePopup.qml
36a9e0fa961005f8c74a46ed6407bba623700dc0	.local/share/bite-os/rices/caelestia/.config/hypr/scripts/quickshell/guide/GuidePopup.qml
36a9e0fa961005f8c74a46ed6407bba623700dc0	.local/share/bite-os/rices/ilyamiro/.config/hypr/scripts/quickshell/guide/GuidePopup.qml
36bc0cdc7b1795f693b11c7593b8e043d8e26076	.local/share/bite-os/rices/serpantinum/.local/share/serpantinum/src/assets/sounds/notifications/Progress.wav
36d668b07ffb114c573525a8645b9390fd941a51	.config/hypr/scripts/quickshell/network/sounds/connect.wav
36d668b07ffb114c573525a8645b9390fd941a51	.config/hypr/scripts/quickshell/network/sounds/disconnect.wav
36d668b07ffb114c573525a8645b9390fd941a51	.config/quickshell/ilyamiro-shell/network/sounds/connect.wav
36d668b07ffb114c573525a8645b9390fd941a51	.config/quickshell/ilyamiro-shell/network/sounds/disconnect.wav
36d668b07ffb114c573525a8645b9390fd941a51	.local/share/bite-os/rices/caelestia/.config/hypr/scripts/quickshell/network/sounds/connect.wav
36d668b07ffb114c573525a8645b9390fd941a51	.local/share/bite-os/rices/caelestia/.config/hypr/scripts/quickshell/network/sounds/disconnect.wav
36d668b07ffb114c573525a8645b9390fd941a51	.local/share/bite-os/rices/caelestia/.config/quickshell/ilyamiro-shell/network/sounds/connect.wav
36d668b07ffb114c573525a8645b9390fd941a51	.local/share/bite-os/rices/caelestia/.config/quickshell/ilyamiro-shell/network/sounds/disconnect.wav
36d668b07ffb114c573525a8645b9390fd941a51	.local/share/bite-os/rices/ilyamiro/.config/hypr/scripts/quickshell/network/sounds/connect.wav
36d668b07ffb114c573525a8645b9390fd941a51	.local/share/bite-os/rices/ilyamiro/.config/hypr/scripts/quickshell/network/sounds/disconnect.wav
36d668b07ffb114c573525a8645b9390fd941a51	.local/share/bite-os/rices/serpantinum/.config/hypr/scripts/quickshell/network/sounds/connect.wav
36d668b07ffb114c573525a8645b9390fd941a51	.local/share/bite-os/rices/serpantinum/.config/hypr/scripts/quickshell/network/sounds/disconnect.wav
36d668b07ffb114c573525a8645b9390fd941a51	.local/share/bite-os/rices/serpantinum/.local/share/serpantinum/src/assets/sounds/network/disconnect.wav
3709315588d605fc05332a8db7e05b4c37b838e9	.local/share/bite-os/rices/serpantinum/.local/share/serpantinum/src/assets/languages/es.json
3715c3778c1feacf6f7ec2935ad765f00b7a22ae	.local/share/bite-os/rices/serpantinum/.local/share/serpantinum/src/assets/languages/es.json
376ebc6b28a23fea7345e43a98c221fd2ad9bf8d	.config/quickshell/caelestia/modules/lock/LockSurface.qml
376ebc6b28a23fea7345e43a98c221fd2ad9bf8d	.local/share/bite-os/rices/caelestia/.config/quickshell/caelestia/modules/lock/LockSurface.qml
378f8bcc4bb294ccb8ab55f59a14bf2104af5e1f	.config/quickshell/caelestia/utils/Searcher.qml
378f8bcc4bb294ccb8ab55f59a14bf2104af5e1f	.local/share/bite-os/rices/caelestia/.config/quickshell/caelestia/utils/Searcher.qml
37a762225ed021f57e69f2da78d17f5bfd640c56	.local/share/bite-os/rices/serpantinum/.local/share/serpantinum/src/quickshell/widgets/faces/MatrixBinaryFace.qml
384fce7761fb9fc0904aae1413f086d3fe4d09ee	.local/share/bite-os/rices/serpantinum/.local/share/serpantinum/src/quickshell/guide/theme/ThemeEditor.qml
38893b030527ff50dd84a6ff904130125402ffd3	.config/glitch/bin/bite-os-healthcheck.sh
38bf3cbf64b3ae099137f50fc19ab9a13a22786d	.local/share/bite-os/rices/serpantinum/.local/share/serpantinum/src/assets/themes/Flexoki Light.json
38d203d9adb89fe337df810aa9483d70229fa57d	.config/quickshell/caelestia/assets/kurukuru.gif
38d203d9adb89fe337df810aa9483d70229fa57d	.local/share/bite-os/rices/caelestia/.config/quickshell/caelestia/assets/kurukuru.gif
38ddd1bed9d53d506c1757ca6e86f377201ea03e	.config/quickshell/caelestia/modules/nexus/pages/panels/UtilitiesPanel.qml
38ddd1bed9d53d506c1757ca6e86f377201ea03e	.local/share/bite-os/rices/caelestia/.config/quickshell/caelestia/modules/nexus/pages/panels/UtilitiesPanel.qml
38e1ae02e41d889667a42f0842f991f2d53f8065	.config/quickshell/caelestia/modules/lock/NotifDock.qml
38e1ae02e41d889667a42f0842f991f2d53f8065	.local/share/bite-os/rices/caelestia/.config/quickshell/caelestia/modules/lock/NotifDock.qml
391870502bc31df6021bdeb4e4daef58219e6ab6	.config/quickshell/caelestia/services/Visibilities.qml
391870502bc31df6021bdeb4e4daef58219e6ab6	.local/share/bite-os/rices/caelestia/.config/quickshell/caelestia/services/Visibilities.qml
3988d8c625a87eda099b85ccecd3c5245dde515d	.local/share/bite-os/rices/serpantinum/.local/share/serpantinum/src/quickshell/reusables/qmldir
3993332f7e608e52c31dce2aa63235f184f1acb4	.local/share/bite-os/rices/serpantinum/.local/share/serpantinum/src/quickshell/bar/modules/qmldir
399e91ba21b19675903ef54d79245fe77181ba66	.local/share/bite-os/rices/serpantinum/.local/share/serpantinum/src/assets/themes/Cobalt2.json
39c7d7bd28226cdecf73f26d030e58ece8aa3f3b	.local/share/bite-os/rices/serpantinum/.local/share/serpantinum/src/quickshell/guide/display/DisplayWidgetsTab.qml
39dd22e39bc5804721cb3d8e54e1312dfcbecba1	.config/quickshell/caelestia/modules/nexus/common/WallItem.qml
39dd22e39bc5804721cb3d8e54e1312dfcbecba1	.local/share/bite-os/rices/caelestia/.config/quickshell/caelestia/modules/nexus/common/WallItem.qml
3a0fbea259cd8d2fa52f69312e28375c903b66b1	.local/share/bite-os/rices/serpantinum/.local/share/serpantinum/src/quickshell/reusables/qmldir
3a124d2aa604ddc3ce34a1f7fb606e91fa7e67db	.config/hypr/scripts/quickshell/focustime/launch_daemon.sh
3a124d2aa604ddc3ce34a1f7fb606e91fa7e67db	.local/share/bite-os/rices/caelestia/.config/hypr/scripts/quickshell/focustime/launch_daemon.sh
3a124d2aa604ddc3ce34a1f7fb606e91fa7e67db	.local/share/bite-os/rices/ilyamiro/.config/hypr/scripts/quickshell/focustime/launch_daemon.sh
3a124d2aa604ddc3ce34a1f7fb606e91fa7e67db	.local/share/bite-os/rices/serpantinum/.config/hypr/scripts/quickshell/focustime/launch_daemon.sh
3a1cbd5a0ff9ae867bf6de18728dcc4075cd4d9e	.local/share/bite-os/rices/serpantinum/.local/share/serpantinum/src/quickshell/notifications/NotificationCenter.qml
3a2b0f9cf51141afe379b8dc12c99db9573fad76	.config/hypr/scripts/quickshell/calendar/CalendarPopup.qml
3a2b0f9cf51141afe379b8dc12c99db9573fad76	.config/quickshell/ilyamiro-shell/calendar/CalendarPopup.qml
3a2b0f9cf51141afe379b8dc12c99db9573fad76	.local/share/bite-os/rices/caelestia/.config/hypr/scripts/quickshell/calendar/CalendarPopup.qml
3a2b0f9cf51141afe379b8dc12c99db9573fad76	.local/share/bite-os/rices/caelestia/.config/quickshell/ilyamiro-shell/calendar/CalendarPopup.qml
3a2b0f9cf51141afe379b8dc12c99db9573fad76	.local/share/bite-os/rices/ilyamiro/.config/hypr/scripts/quickshell/calendar/CalendarPopup.qml
3a2b0f9cf51141afe379b8dc12c99db9573fad76	.local/share/bite-os/rices/serpantinum/.config/hypr/scripts/quickshell/calendar/CalendarPopup.qml
3a57209a97f2880b3d5f643c75999a8f777059eb	.local/share/bite-os/rices/serpantinum/.local/share/serpantinum/src/assets/fonts/FiraCode-Regular.ttf
3a947c866ffda0bde95f73f4949e09f469fe743d	.config/quickshell/caelestia/modules/controlcenter/network/EthernetList.qml
3a947c866ffda0bde95f73f4949e09f469fe743d	.local/share/bite-os/rices/caelestia/.config/quickshell/caelestia/modules/controlcenter/network/EthernetList.qml
3a9f5963ba4960cc4494b0679b09f2629e6121bf	.config/hypr/scripts/quickshell/calendar/weather.sh
3a9f5963ba4960cc4494b0679b09f2629e6121bf	.local/share/bite-os/rices/caelestia/.config/hypr/scripts/quickshell/calendar/weather.sh
3a9f5963ba4960cc4494b0679b09f2629e6121bf	.local/share/bite-os/rices/ilyamiro/.config/hypr/scripts/quickshell/calendar/weather.sh
3ab4e277a37b6dacd6f3e7c6c65a3964fbe7ffdb	.config/hypr/scripts/quickshell/movies/MovieWidget.qml
3ab4e277a37b6dacd6f3e7c6c65a3964fbe7ffdb	.config/quickshell/ilyamiro-shell/movies/MovieWidget.qml
3ab4e277a37b6dacd6f3e7c6c65a3964fbe7ffdb	.local/share/bite-os/rices/caelestia/.config/hypr/scripts/quickshell/movies/MovieWidget.qml
3ab4e277a37b6dacd6f3e7c6c65a3964fbe7ffdb	.local/share/bite-os/rices/caelestia/.config/quickshell/ilyamiro-shell/movies/MovieWidget.qml
3ab4e277a37b6dacd6f3e7c6c65a3964fbe7ffdb	.local/share/bite-os/rices/ilyamiro/.config/hypr/scripts/quickshell/movies/MovieWidget.qml
3ab4e277a37b6dacd6f3e7c6c65a3964fbe7ffdb	.local/share/bite-os/rices/serpantinum/.config/hypr/scripts/quickshell/movies/MovieWidget.qml
3ad3ef886d70a8c5a6b19385a0d3f20e6016f8ef	.config/quickshell/caelestia/modules/osd/Content.qml
3ad3ef886d70a8c5a6b19385a0d3f20e6016f8ef	.local/share/bite-os/rices/caelestia/.config/quickshell/caelestia/modules/osd/Content.qml
3b04f7ff8e6fb10244b7ca3cd975ccf2924c6f73	.local/share/bite-os/rices/serpantinum/.local/share/serpantinum/src/assets/fonts/EduVICWANTHand-Regular.ttf
3b4eedb62c06f9ade0b5c8a723d635ad44e9f423	.local/share/bite-os/rices/serpantinum/.local/share/serpantinum/src/quickshell/bar/modules/WorkspacesWidget.qml
3bcc24afd622de5378c663c4173d02848deaec2c	.local/share/bite-os/rices/caelestia/.config/cava/shaders/winamp_line_style_spectrum.frag
3bcc24afd622de5378c663c4173d02848deaec2c	.local/share/bite-os/rices/serpantinum/.config/cava/shaders/winamp_line_style_spectrum.frag
3c21c7b94b7bb818b16d46d1339071cd15d2c495	.local/share/bite-os/rices/serpantinum/.local/share/serpantinum/src/assets/fonts/ComicShannsMonoNerdFont-Regular.otf
3c3cd2ee839cf389007f2dc0bcd7ff4c369eeb81	.config/glitch/bin/rice
3cf8d3b71fbc35a6e03d777153bd6fc92b856a8c	.config/quickshell/caelestia/modules/dashboard/WeatherTab.qml
3cf8d3b71fbc35a6e03d777153bd6fc92b856a8c	.local/share/bite-os/rices/caelestia/.config/quickshell/caelestia/modules/dashboard/WeatherTab.qml
3d13be9cd8194f9539f6f596ec0f9598102682f2	.config/glitch/bin/glitch-fetch.sh
3d664f7b8b52a000476c5e8b400c942549ae85bf	.config/quickshell/caelestia/services/VPN.qml
3d664f7b8b52a000476c5e8b400c942549ae85bf	.local/share/bite-os/rices/caelestia/.config/quickshell/caelestia/services/VPN.qml
3d94a5288aad6ace1a12b69edf75b8e559ffe275	.config/quickshell/caelestia/modules/drawers/Interactions.qml
3d94a5288aad6ace1a12b69edf75b8e559ffe275	.local/share/bite-os/rices/caelestia/.config/quickshell/caelestia/modules/drawers/Interactions.qml
3db0d1fb08249291cfe0cd08c762346844cdc45a	.local/share/bite-os/rices/serpantinum/.local/share/serpantinum/src/assets/fonts/Roboto-Regular.ttf
3de94aefa9cff9907d1bfcc8bc15f602a79f6d17	.config/quickshell/caelestia/modules/lock/NotifGroup.qml
3de94aefa9cff9907d1bfcc8bc15f602a79f6d17	.local/share/bite-os/rices/caelestia/.config/quickshell/caelestia/modules/lock/NotifGroup.qml
3e43f09cc03c8e04c4e46bdf54112e143ef232a2	.local/share/bite-os/rices/serpantinum/.local/share/serpantinum/src/quickshell/singletons/system/Caching.qml
3e680b79683d93b2de747796e229643cf54cf6d1	.local/share/bite-os/rices/serpantinum/.local/share/serpantinum/src/quickshell/quickactions/actions/Dock.qml
3e82251fa9812c84a8e994482025c1ec234756ac	.local/share/bite-os/rices/serpantinum/.config/hypr/hyprland.conf
3ea0e1a369fc434531232a393e3bdbf53503129a	.config/quickshell/caelestia/modules/osd/Wrapper.qml
3ea0e1a369fc434531232a393e3bdbf53503129a	.local/share/bite-os/rices/caelestia/.config/quickshell/caelestia/modules/osd/Wrapper.qml
3ed382e90bb8011f64290611a09b0178ca1e6a85	.config/quickshell/caelestia/modules/bar/components/workspaces/SpecialWorkspaces.qml
3ed382e90bb8011f64290611a09b0178ca1e6a85	.local/share/bite-os/rices/caelestia/.config/quickshell/caelestia/modules/bar/components/workspaces/SpecialWorkspaces.qml
3f2b1d11c36cd1ceac2403b684619c8581b4b990	.local/share/bite-os/rices/serpantinum/.local/share/serpantinum/src/assets/themes/Pearl.json
3f37b435926e16735caf19ff7b3f60c8c8743f43	.config/hypr/scripts/spaceship-choose.sh
3f37b435926e16735caf19ff7b3f60c8c8743f43	.local/share/bite-os/rices/caelestia/.config/hypr/scripts/spaceship-choose.sh
3fc3299b1b1b4fccb248bf69a080115228f867fd	.local/share/bite-os/rices/serpantinum/.local/share/serpantinum/src/assets/themes/Kanagawa Dragon.json
406979aefe6b4cdbeb3657685ab51d5a20aa9d50	.local/share/bite-os/rices/serpantinum/.local/share/serpantinum/src/quickshell/network/NetworkPopup.qml
40755cd4dda4b7c7b2ae703d792a439cd217eb8c	.local/share/bite-os/rices/serpantinum/.local/share/serpantinum/src/quickshell/singletons/widgetcontrols/SideMusicController.qml
407b3e7e80c700035aadf1d54b88aa423b511478	.local/share/bite-os/rices/serpantinum/.local/share/serpantinum/src/quickshell/widgets/faces/MusicFace.qml
4088319dc6cb686d69b95d54627baea2b9757005	.local/share/bite-os/rices/serpantinum/.local/share/serpantinum/src/quickshell/guide/BarTab.qml
40bac30a9b32449eafeafeb578f45028e76e602d	.local/share/bite-os/rices/serpantinum/.local/share/serpantinum/src/quickshell/singletons/audio/Cava.qml
40d159df877d955478c118d326c5387be6010df3	.config/quickshell/caelestia/modules/bar/popouts/WirelessPassword.qml
40d159df877d955478c118d326c5387be6010df3	.local/share/bite-os/rices/caelestia/.config/quickshell/caelestia/modules/bar/popouts/WirelessPassword.qml
412441abc6977cad6fcef001e007426b013f15bb	.config/quickshell/caelestia/modules/controlcenter/appearance/sections/AnimationsSection.qml
412441abc6977cad6fcef001e007426b013f15bb	.local/share/bite-os/rices/caelestia/.config/quickshell/caelestia/modules/controlcenter/appearance/sections/AnimationsSection.qml
41507839df845a633b07591f3f9b78aacacae0dc	.config/quickshell/caelestia/services/Players.qml
41507839df845a633b07591f3f9b78aacacae0dc	.local/share/bite-os/rices/caelestia/.config/quickshell/caelestia/services/Players.qml
41513ea50a91a951823302539416caef20f78475	.config/quickshell/caelestia/modules/dashboard/performance/StorageCard.qml
41513ea50a91a951823302539416caef20f78475	.local/share/bite-os/rices/caelestia/.config/quickshell/caelestia/modules/dashboard/performance/StorageCard.qml
4151c8e07f18fbf4c604d248dba00a1c77835a10	.config/quickshell/caelestia/components/filedialog/CurrentItem.qml
4151c8e07f18fbf4c604d248dba00a1c77835a10	.local/share/bite-os/rices/caelestia/.config/quickshell/caelestia/components/filedialog/CurrentItem.qml
4157522654ab58d9d7ac59cf87c5596523488010	.config/quickshell/caelestia/modules/controlcenter/bluetooth/Details.qml
4157522654ab58d9d7ac59cf87c5596523488010	.local/share/bite-os/rices/caelestia/.config/quickshell/caelestia/modules/controlcenter/bluetooth/Details.qml
417b0e8ae0573ed10a6ccc1be5f28232b84214d0	.config/quickshell/caelestia/modules/IdleMonitors.qml
417b0e8ae0573ed10a6ccc1be5f28232b84214d0	.local/share/bite-os/rices/caelestia/.config/quickshell/caelestia/modules/IdleMonitors.qml
419410eef4855c3e233c10a604cb7aaca2a566fb	.config/quickshell/caelestia/modules/controlcenter/bluetooth/DeviceList.qml
419410eef4855c3e233c10a604cb7aaca2a566fb	.local/share/bite-os/rices/caelestia/.config/quickshell/caelestia/modules/controlcenter/bluetooth/DeviceList.qml
41b207cff5f7645f762f2148689a5af60ca02959	.config/hypr/scripts/quickshell/stewart/stewart.qml
41b207cff5f7645f762f2148689a5af60ca02959	.config/quickshell/ilyamiro-shell/stewart/stewart.qml
41b207cff5f7645f762f2148689a5af60ca02959	.local/share/bite-os/rices/caelestia/.config/hypr/scripts/quickshell/stewart/stewart.qml
41b207cff5f7645f762f2148689a5af60ca02959	.local/share/bite-os/rices/caelestia/.config/quickshell/ilyamiro-shell/stewart/stewart.qml
41b207cff5f7645f762f2148689a5af60ca02959	.local/share/bite-os/rices/ilyamiro/.config/hypr/scripts/quickshell/stewart/stewart.qml
41b207cff5f7645f762f2148689a5af60ca02959	.local/share/bite-os/rices/serpantinum/.config/hypr/scripts/quickshell/stewart/stewart.qml
41d9ba1aea921de1d12361ffdea0b9dc9e99facd	.config/quickshell/caelestia/modules/session/Wrapper.qml
41d9ba1aea921de1d12361ffdea0b9dc9e99facd	.local/share/bite-os/rices/caelestia/.config/quickshell/caelestia/modules/session/Wrapper.qml
41f20cd6cc59bbdfea6e2f97bfd6dedbcc40cb13	.local/share/bite-os/rices/serpantinum/.local/share/serpantinum/src/assets/themes/Rhodochrosite.json
422812db7b4de4e02c00258f22c7b496bbe132e5	.local/share/bite-os/rices/serpantinum/.local/share/serpantinum/src/quickshell/singletons/theme/Scaler.qml
4231a2628cce9e78889d271cb7675382b70c1b6a	.config/quickshell/caelestia/modules/Shortcuts.qml
4231a2628cce9e78889d271cb7675382b70c1b6a	.local/share/bite-os/rices/caelestia/.config/quickshell/caelestia/modules/Shortcuts.qml
424f75dbb27ca5558752cf2e8c6b25ec10fcd816	.local/share/bite-os/rices/serpantinum/.local/share/serpantinum/src/assets/themes/Amber.json
42c5a766797f69d60edab324c3d02ba357ff483c	.config/quickshell/caelestia/modules/bar/popouts/Content.qml
42c5a766797f69d60edab324c3d02ba357ff483c	.local/share/bite-os/rices/caelestia/.config/quickshell/caelestia/modules/bar/popouts/Content.qml
42efd77841bd3be17f473bd949c6392f8f8af664	.local/share/bite-os/rices/serpantinum/.local/share/serpantinum/src/quickshell/guide/notifications/SoundPicker.qml
42fd54b7a6a92abb3e58e2afdebab8cab591c047	.config/quickshell/caelestia/modules/session/Content.qml
42fd54b7a6a92abb3e58e2afdebab8cab591c047	.local/share/bite-os/rices/caelestia/.config/quickshell/caelestia/modules/session/Content.qml
4330dad1c684543f8dfa10fee0e9b2c18bc30d3d	.local/share/bite-os/rices/serpantinum/.config/hypr/default_settings.json
436891765bf08066017d20dca340bdabb4922b19	.config/quickshell/caelestia/modules/controlcenter/network/WirelessPane.qml
436891765bf08066017d20dca340bdabb4922b19	.local/share/bite-os/rices/caelestia/.config/quickshell/caelestia/modules/controlcenter/network/WirelessPane.qml
4395947d53fd4bc4e4fbb1c1995b98b07d5b1cba	.config/hypr/scripts/quickshell/ScreenshotOverlay.qml
4395947d53fd4bc4e4fbb1c1995b98b07d5b1cba	.config/quickshell/ilyamiro-shell/ScreenshotOverlay.qml
4395947d53fd4bc4e4fbb1c1995b98b07d5b1cba	.local/share/bite-os/rices/caelestia/.config/hypr/scripts/quickshell/ScreenshotOverlay.qml
4395947d53fd4bc4e4fbb1c1995b98b07d5b1cba	.local/share/bite-os/rices/caelestia/.config/quickshell/ilyamiro-shell/ScreenshotOverlay.qml
4395947d53fd4bc4e4fbb1c1995b98b07d5b1cba	.local/share/bite-os/rices/ilyamiro/.config/hypr/scripts/quickshell/ScreenshotOverlay.qml
4395947d53fd4bc4e4fbb1c1995b98b07d5b1cba	.local/share/bite-os/rices/serpantinum/.config/hypr/scripts/quickshell/ScreenshotOverlay.qml
43a63674f11eeb97cbed603c037a36ee2275e28b	.local/share/bite-os/rices/serpantinum/.local/share/serpantinum/src/assets/sounds/tutorial/tip.wav
43a84076ce7510a71319268dfffa333f0fedaedc	.config/quickshell/caelestia/modules/utilities/cards/Record.qml
43a84076ce7510a71319268dfffa333f0fedaedc	.local/share/bite-os/rices/caelestia/.config/quickshell/caelestia/modules/utilities/cards/Record.qml
4401330b66a37ff45134980d8a303ee839ed86ce	.config/quickshell/caelestia/modules/bar/popouts/Network.qml
4401330b66a37ff45134980d8a303ee839ed86ce	.local/share/bite-os/rices/caelestia/.config/quickshell/caelestia/modules/bar/popouts/Network.qml
440b61ba0a94f365e4c1e22f54981635ebcd979f	.local/share/bite-os/rices/serpantinum/.local/share/serpantinum/src/assets/sounds/reusables/fillbutton/charge_loop.wav
442990d592e832f75ace8b313c546f3722849fd6	.config/quickshell/caelestia/modules/nexus/common/SectionHeader.qml
442990d592e832f75ace8b313c546f3722849fd6	.local/share/bite-os/rices/caelestia/.config/quickshell/caelestia/modules/nexus/common/SectionHeader.qml
44a4d15fc8f9934f92b3f3e3282308044c0d1447	.local/share/bite-os/rices/serpantinum/.local/share/serpantinum/src/quickshell/widgets/faces/ImageFaceRounded.qml
44b9907f4ecaf2a410334c2421e132b3404252bf	.config/hypr/scripts/quickshell/focustime/get_stats.py
44b9907f4ecaf2a410334c2421e132b3404252bf	.config/quickshell/ilyamiro-shell/focustime/get_stats.py
44b9907f4ecaf2a410334c2421e132b3404252bf	.local/share/bite-os/rices/caelestia/.config/hypr/scripts/quickshell/focustime/get_stats.py
44b9907f4ecaf2a410334c2421e132b3404252bf	.local/share/bite-os/rices/caelestia/.config/quickshell/ilyamiro-shell/focustime/get_stats.py
44b9907f4ecaf2a410334c2421e132b3404252bf	.local/share/bite-os/rices/ilyamiro/.config/hypr/scripts/quickshell/focustime/get_stats.py
44b9907f4ecaf2a410334c2421e132b3404252bf	.local/share/bite-os/rices/serpantinum/.config/hypr/scripts/quickshell/focustime/get_stats.py
44f1781c111b1ef735563a34b77b8c84a0e7468a	.local/share/bite-os/rices/serpantinum/.local/share/serpantinum/src/quickshell/guide/WelcomeTab.qml
45055879234343b496c332c4becefad9ed043701	.config/quickshell/caelestia/modules/background/Visualiser.qml
45055879234343b496c332c4becefad9ed043701	.local/share/bite-os/rices/caelestia/.config/quickshell/caelestia/modules/background/Visualiser.qml
4517d02cbb8306d9a673ba91c83b46f30131b2d9	.config/quickshell/caelestia/modules/launcher/services/M3Variants.qml
4517d02cbb8306d9a673ba91c83b46f30131b2d9	.local/share/bite-os/rices/caelestia/.config/quickshell/caelestia/modules/launcher/services/M3Variants.qml
456cb503157e847d4c9cad4d26f55cb284d234db	.config/glitch/bin/rice
45d6259850adec88f1148e4995d9552f1d3d0cc2	.config/glitch/bin/rice
45d631727af6c3ccbfa07398a002bb6aa250d734	.local/share/bite-os/rices/serpantinum/.local/share/serpantinum/src/quickshell/calendar/CalendarPopup.qml
45e102278b99678336dda9441e772c7f66e8830b	.local/share/bite-os/rices/serpantinum/.local/share/serpantinum/src/quickshell/bar/qmldir
45f814a4709fe9c867cdf9ec11132154a4404fdd	.config/quickshell/caelestia/components/filedialog/FileDialog.qml
45f814a4709fe9c867cdf9ec11132154a4404fdd	.local/share/bite-os/rices/caelestia/.config/quickshell/caelestia/components/filedialog/FileDialog.qml
46139424f65c49905f88f7d875f0a1791a98193e	.config/quickshell/caelestia/modules/sidebar/Props.qml
46139424f65c49905f88f7d875f0a1791a98193e	.local/share/bite-os/rices/caelestia/.config/quickshell/caelestia/modules/sidebar/Props.qml
46a7672ca0082731d0f39fe56a5b02f49fac5344	.config/quickshell/caelestia/modules/bar/popouts/Content.qml
46a7672ca0082731d0f39fe56a5b02f49fac5344	.local/share/bite-os/rices/caelestia/.config/quickshell/caelestia/modules/bar/popouts/Content.qml
46c3b361ca4c0fadc96ad21da432bea1839e21fc	.local/share/bite-os/rices/serpantinum/.local/share/serpantinum/src/quickshell/polkit/PolkitService.qml
4702107e4068e88a73b0995c010283263d4421da	.local/share/bite-os/rices/serpantinum/.local/share/serpantinum/src/assets/fonts/IosevkaNerdFont-Italic.ttf
473301cd776564eba7ab5d4ed1d2efac296912d2	.local/share/bite-os/rices/caelestia/.config/cava/shaders/bar_spectrum.frag
473301cd776564eba7ab5d4ed1d2efac296912d2	.local/share/bite-os/rices/serpantinum/.config/cava/shaders/bar_spectrum.frag
47359558cf551c5335dafd82b401053686591902	.local/share/bite-os/rices/serpantinum/.local/share/serpantinum/src/quickshell/singletons/widgetcontrols/ClipboardController.qml
47359558cf551c5335dafd82b401053686591902	.local/share/bite-os/rices/serpantinum/.local/share/serpantinum/src/quickshell/singletons/widgetcontrols/LauncherController.qml
478650c37a1d253856912c7cd1255ae35d197c0d	.config/quickshell/ilyamiro-shell/monitors/MonitorPopup.qml
478650c37a1d253856912c7cd1255ae35d197c0d	.local/share/bite-os/rices/caelestia/.config/quickshell/ilyamiro-shell/monitors/MonitorPopup.qml
47ad0680441d8d5cf5057c9648fa00ee103157ad	.config/quickshell/caelestia/modules/drawers/Regions.qml
47ad0680441d8d5cf5057c9648fa00ee103157ad	.local/share/bite-os/rices/caelestia/.config/quickshell/caelestia/modules/drawers/Regions.qml
47b80d3e1abe1d16dfe271e5e6d52239be4e0b9e	.config/glitch/plymouth/glitch-os/glitch-os.script
47c981b5a1b6a11ef0242049a038a43b6507f5cd	.local/share/bite-os/rices/serpantinum/.config/hypr/config/autostart.conf
47cd4bbe76cf1022a547ee5f2f001afa36072ab6	.local/share/bite-os/rices/serpantinum/.local/share/serpantinum/src/assets/themes/Everforest.json
47cfd92b52a61f940b2c96741c7491a9124faf06	.local/share/bite-os/rices/serpantinum/.local/share/serpantinum/src/quickshell/lock/Lock.qml
48093257532b46605e5a7e6cdb850edea253dfd9	.config/hypr/scripts/wall-optimize.sh
48093257532b46605e5a7e6cdb850edea253dfd9	.local/share/bite-os/rices/caelestia/.config/hypr/scripts/wall-optimize.sh
48231e47d9f025ae2d39190183627ef41b4d42b2	.config/quickshell/caelestia/components/controls/ButtonBase.qml
48231e47d9f025ae2d39190183627ef41b4d42b2	.local/share/bite-os/rices/caelestia/.config/quickshell/caelestia/components/controls/ButtonBase.qml
482a4d4097dcc56272dd63336b791d2e559b91bb	.config/quickshell/caelestia/components/controls/Menu.qml
482a4d4097dcc56272dd63336b791d2e559b91bb	.local/share/bite-os/rices/caelestia/.config/quickshell/caelestia/components/controls/Menu.qml
482cc4fd87740f4933ce3f09a61fe1ec05decd85	.local/share/bite-os/rices/serpantinum/.local/share/serpantinum/src/quickshell/guide/LauncherTab.qml
48373cdd14b797890da360adb85e885ded38f5d8	.local/share/bite-os/rices/serpantinum/.local/share/serpantinum/src/scripts/wallpaper/matugen_reload.sh
483743b187c49e1a6dff4cbaace610100709b8b7	.config/caelestia/hypr-user.conf
483743b187c49e1a6dff4cbaace610100709b8b7	.local/share/bite-os/rices/caelestia/.config/caelestia/hypr-user.conf
4840678857d4034ada985cb388390d53a0abe6b0	.local/share/bite-os/rices/serpantinum/.local/share/serpantinum/src/assets/languages/es.json
484421e542c9deed8eb5ee0d4a841e5369de173a	.config/quickshell/caelestia/components/containers/StyledListView.qml
484421e542c9deed8eb5ee0d4a841e5369de173a	.local/share/bite-os/rices/caelestia/.config/quickshell/caelestia/components/containers/StyledListView.qml
484d8a2b42a5344d5f164139452e95d16ebb12f5	.config/quickshell/caelestia/modules/utilities/cards/Record.qml
484d8a2b42a5344d5f164139452e95d16ebb12f5	.local/share/bite-os/rices/caelestia/.config/quickshell/caelestia/modules/utilities/cards/Record.qml
48759b506d7c7a811b81a6fd1c180024d0de5fbe	.config/quickshell/caelestia/modules/notifications/Notification.qml
48759b506d7c7a811b81a6fd1c180024d0de5fbe	.local/share/bite-os/rices/caelestia/.config/quickshell/caelestia/modules/notifications/Notification.qml
489d3c784ca7eac0f4b3940fdef3451516c4ba94	.config/quickshell/caelestia/modules/controlcenter/components/PaneTransition.qml
489d3c784ca7eac0f4b3940fdef3451516c4ba94	.local/share/bite-os/rices/caelestia/.config/quickshell/caelestia/modules/controlcenter/components/PaneTransition.qml
48c88526299d24a962d4845f32f48bfffaa33047	.local/share/bite-os/rices/serpantinum/.local/share/serpantinum/src/quickshell/widgets/WidgetRedactor.qml
48e4decb873189fc2be066dd67e55f0a6b1a687b	.config/cava/default.nix
48e4decb873189fc2be066dd67e55f0a6b1a687b	.local/share/bite-os/rices/caelestia/.config/cava/default.nix
48f75de92f3c37521b27a0985fa16bb078b4dfcf	.local/share/bite-os/rices/serpantinum/.local/share/serpantinum/src/quickshell/reusables/Reserved.qml
49583e9579cd6ec85d0cfca06938aa6038e09340	.local/share/bite-os/rices/serpantinum/.local/share/serpantinum/src/quickshell/screenshot/ScreenshotOverlay.qml
49aa440eeefab41712b87b3ab8b24ab4095bd767	.local/share/bite-os/rices/serpantinum/.local/share/serpantinum/src/quickshell/bar/sidemodules/system/SideWifiWidget.qml
49e3545285be92636be75020e8d328dec8154756	.local/share/bite-os/rices/serpantinum/.local/share/serpantinum/src/quickshell/guide/KeybindsTab.qml
4a364684d9ea2876a669044d58b41bcab891b860	.config/hypr/scripts/quickshell/settings/SettingsPopup.qml
4a364684d9ea2876a669044d58b41bcab891b860	.local/share/bite-os/rices/caelestia/.config/hypr/scripts/quickshell/settings/SettingsPopup.qml
4a364684d9ea2876a669044d58b41bcab891b860	.local/share/bite-os/rices/ilyamiro/.config/hypr/scripts/quickshell/settings/SettingsPopup.qml
4a5ff505895bccc27854cd21df094be308313522	.local/share/bite-os/rices/serpantinum/.local/share/serpantinum/src/quickshell/quickactions/actions/Timer.qml
4ab2f824c6e9c06acf5bc3e9e2b094984c959e90	.config/quickshell/caelestia/components/controls/StyledTextField.qml
4ab2f824c6e9c06acf5bc3e9e2b094984c959e90	.local/share/bite-os/rices/caelestia/.config/quickshell/caelestia/components/controls/StyledTextField.qml
4acd98cf68ca9965cc60e7badffd92e2a2265138	.config/quickshell/caelestia/components/controls/SplitButton.qml
4acd98cf68ca9965cc60e7badffd92e2a2265138	.local/share/bite-os/rices/caelestia/.config/quickshell/caelestia/components/controls/SplitButton.qml
4b1406432a5c56c013778a090310f35a86cc2210	.config/quickshell/caelestia/assets/pam.d/passwd
4b1406432a5c56c013778a090310f35a86cc2210	.local/share/bite-os/rices/caelestia/.config/quickshell/caelestia/assets/pam.d/passwd
4b1a355e43c6a4a3c53b216873ea3b00538ca472	.local/share/bite-os/rices/serpantinum/.local/share/serpantinum/src/assets/themes/Shades of Purple.json
4b489656b24fa98c891de2aff9ac89375f216f43	.config/quickshell/caelestia/modules/lock/WeatherInfo.qml
4b489656b24fa98c891de2aff9ac89375f216f43	.local/share/bite-os/rices/caelestia/.config/quickshell/caelestia/modules/lock/WeatherInfo.qml
4b5e9371bf69b707f9e6389851c0a4253df3e970	.local/share/bite-os/rices/serpantinum/.local/share/serpantinum/src/quickshell/media/equalizer.sh
4b68cb070408e490057e32734d990c9936ab25f5	.config/quickshell/caelestia/modules/nexus/common/DialogSelectButton.qml
4b68cb070408e490057e32734d990c9936ab25f5	.local/share/bite-os/rices/caelestia/.config/quickshell/caelestia/modules/nexus/common/DialogSelectButton.qml
4b790b3a13bd07d0328ac4b50e5d50ea55d7995a	.local/share/bite-os/rices/serpantinum/.local/share/serpantinum/src/quickshell/widgets/faces/ClockFaceMinimal.qml
4b8a6492d731e30c56c6e9b43cf7c7dc2162b4e2	.config/hypr/scripts/settings_watcher.sh
4b8a6492d731e30c56c6e9b43cf7c7dc2162b4e2	.local/share/bite-os/rices/caelestia/.config/hypr/scripts/settings_watcher.sh
4b8a6492d731e30c56c6e9b43cf7c7dc2162b4e2	.local/share/bite-os/rices/ilyamiro/.config/hypr/scripts/settings_watcher.sh
4bdf3ee11aa73d3d1f9e6da8663bb5d5b7e495c8	.config/hypr/scripts/quickshell/applauncher/appLauncher.qml
4bdf3ee11aa73d3d1f9e6da8663bb5d5b7e495c8	.config/quickshell/ilyamiro-shell/applauncher/appLauncher.qml
4bdf3ee11aa73d3d1f9e6da8663bb5d5b7e495c8	.local/share/bite-os/rices/caelestia/.config/hypr/scripts/quickshell/applauncher/appLauncher.qml
4bdf3ee11aa73d3d1f9e6da8663bb5d5b7e495c8	.local/share/bite-os/rices/caelestia/.config/quickshell/ilyamiro-shell/applauncher/appLauncher.qml
4bdf3ee11aa73d3d1f9e6da8663bb5d5b7e495c8	.local/share/bite-os/rices/ilyamiro/.config/hypr/scripts/quickshell/applauncher/appLauncher.qml
4bdf3ee11aa73d3d1f9e6da8663bb5d5b7e495c8	.local/share/bite-os/rices/serpantinum/.config/hypr/scripts/quickshell/applauncher/appLauncher.qml
4c02b0fd8a27b82bf891e32b3440cfd4039f4411	.local/share/bite-os/rices/ilyamiro/.config/hypr/hyprland.conf
4c02b0fd8a27b82bf891e32b3440cfd4039f4411	.local/share/bite-os/rices/serpantinum/.config/hypr/hyprland.conf
4c1065fc6522645cb8948a74bc6fb953bc5589c8	.config/quickshell/caelestia/modules/dashboard/performance/NetworkCard.qml
4c1065fc6522645cb8948a74bc6fb953bc5589c8	.local/share/bite-os/rices/caelestia/.config/quickshell/caelestia/modules/dashboard/performance/NetworkCard.qml
4c5c8b110e22d97788722cfcbf73a0c1f00276b2	.config/quickshell/caelestia/modules/bar/popouts/Battery.qml
4c5c8b110e22d97788722cfcbf73a0c1f00276b2	.local/share/bite-os/rices/caelestia/.config/quickshell/caelestia/modules/bar/popouts/Battery.qml
4c6f9f690aba0574305ca6d99e4ef0ddf069e95c	.local/share/bite-os/rices/serpantinum/.local/share/serpantinum/src/assets/fonts/SFMono-Regular.otf
4c8fe947da2725cf4399e83794afa8716615db0c	.config/quickshell/caelestia/modules/controlcenter/PaneRegistry.qml
4c8fe947da2725cf4399e83794afa8716615db0c	.local/share/bite-os/rices/caelestia/.config/quickshell/caelestia/modules/controlcenter/PaneRegistry.qml
4c9e1a3b42ffe2846f66fb4be70ecc4a2eaff7b2	.config/quickshell/caelestia/modules/dashboard/performance/BatteryTank.qml
4c9e1a3b42ffe2846f66fb4be70ecc4a2eaff7b2	.local/share/bite-os/rices/caelestia/.config/quickshell/caelestia/modules/dashboard/performance/BatteryTank.qml
4cb147f0886884479bab0b055fcda2f3e2fa88a4	.config/hypr/config/env.conf
4cb147f0886884479bab0b055fcda2f3e2fa88a4	.local/share/bite-os/rices/caelestia/.config/hypr/config/env.conf
4cb147f0886884479bab0b055fcda2f3e2fa88a4	.local/share/bite-os/rices/ilyamiro/.config/hypr/config/env.conf
4cb7bdbb68a89d1bf287c7e87a3437d1e8779188	.local/share/bite-os/rices/serpantinum/.local/share/serpantinum/src/assets/matugen/templates/kitty-colors.conf.template
4d2984a25ff2ada91656e39d4c84fc333dd97050	.local/share/bite-os/rices/serpantinum/.local/share/serpantinum/src/assets/sounds/reusables/fillbutton/button.wav
4d302509549a49ca482467fd8e9102dbe05e0a52	.config/quickshell/caelestia/components/PropertyRow.qml
4d302509549a49ca482467fd8e9102dbe05e0a52	.local/share/bite-os/rices/caelestia/.config/quickshell/caelestia/components/PropertyRow.qml
4d42e7b77d9b2717ddf0bc7ce62feb658a59259a	.config/quickshell/caelestia/components/widgets/WavyTopRect.qml
4d42e7b77d9b2717ddf0bc7ce62feb658a59259a	.local/share/bite-os/rices/caelestia/.config/quickshell/caelestia/components/widgets/WavyTopRect.qml
4d5ff176ebc3995168808f99b9fb629a9b53cce0	.config/hypr/scripts/quickshell/Floating.qml
4d5ff176ebc3995168808f99b9fb629a9b53cce0	.config/quickshell/ilyamiro-shell/Floating.qml
4d5ff176ebc3995168808f99b9fb629a9b53cce0	.local/share/bite-os/rices/caelestia/.config/hypr/scripts/quickshell/Floating.qml
4d5ff176ebc3995168808f99b9fb629a9b53cce0	.local/share/bite-os/rices/caelestia/.config/quickshell/ilyamiro-shell/Floating.qml
4d5ff176ebc3995168808f99b9fb629a9b53cce0	.local/share/bite-os/rices/ilyamiro/.config/hypr/scripts/quickshell/Floating.qml
4d5ff176ebc3995168808f99b9fb629a9b53cce0	.local/share/bite-os/rices/serpantinum/.config/hypr/scripts/quickshell/Floating.qml
4db1032b8f0dcb7fb9676107937921bc6417be28	.config/quickshell/caelestia/modules/nexus/pages/DotsPage.qml
4db1032b8f0dcb7fb9676107937921bc6417be28	.local/share/bite-os/rices/caelestia/.config/quickshell/caelestia/modules/nexus/pages/DotsPage.qml
4e0b809caa5898362b0611c6e8b4b9a96c18b8ca	.config/quickshell/caelestia/services/Network.qml
4e0b809caa5898362b0611c6e8b4b9a96c18b8ca	.local/share/bite-os/rices/caelestia/.config/quickshell/caelestia/services/Network.qml
4e264f109a6773230bb70dc9e78a42d242e7b2ca	.local/share/bite-os/rices/serpantinum/.local/share/serpantinum/src/assets/languages/ru.json
4e52c266ece87c5da9a482008a688f49440c549f	.config/hypr/scripts/quickshell/quickactions/Timer.qml
4e52c266ece87c5da9a482008a688f49440c549f	.config/quickshell/ilyamiro-shell/quickactions/Timer.qml
4e52c266ece87c5da9a482008a688f49440c549f	.local/share/bite-os/rices/caelestia/.config/hypr/scripts/quickshell/quickactions/Timer.qml
4e52c266ece87c5da9a482008a688f49440c549f	.local/share/bite-os/rices/caelestia/.config/quickshell/ilyamiro-shell/quickactions/Timer.qml
4e52c266ece87c5da9a482008a688f49440c549f	.local/share/bite-os/rices/ilyamiro/.config/hypr/scripts/quickshell/quickactions/Timer.qml
4e52c266ece87c5da9a482008a688f49440c549f	.local/share/bite-os/rices/serpantinum/.config/hypr/scripts/quickshell/quickactions/Timer.qml
4e787dfdb09ddd5306772caf144947228a40878a	.config/quickshell/caelestia/modules/controlcenter/WindowFactory.qml
4e787dfdb09ddd5306772caf144947228a40878a	.local/share/bite-os/rices/caelestia/.config/quickshell/caelestia/modules/controlcenter/WindowFactory.qml
4ea95ad819a10763f6fc1d5746a8f754e8d8951b	.local/share/bite-os/rices/serpantinum/.local/share/serpantinum/src/quickshell/bar/modules/LeftWidget.qml
4eb22b8a7878a59e30ecb1ac103ce3940fa528f7	.local/share/bite-os/rices/serpantinum/.local/share/serpantinum/src/quickshell/singletons/audio/Audio.qml
4fde197a03c06ca6e2925a875dcbb08cf008344a	.config/quickshell/caelestia/modules/bar/BarWrapper.qml
4fde197a03c06ca6e2925a875dcbb08cf008344a	.local/share/bite-os/rices/caelestia/.config/quickshell/caelestia/modules/bar/BarWrapper.qml
4fee00d9e958839bfd1ff1104c76a38a2a5bcb30	.local/share/bite-os/rices/serpantinum/.local/share/serpantinum/src/scripts/volume.sh
4ff03480a964e56c4f437a02f93d8a6379e9da30	.config/quickshell/caelestia/modules/windowinfo/Preview.qml
4ff03480a964e56c4f437a02f93d8a6379e9da30	.local/share/bite-os/rices/caelestia/.config/quickshell/caelestia/modules/windowinfo/Preview.qml
5034a6ce10a6ab2c18fbdb93cd393789bcee72af	.config/quickshell/caelestia/modules/lock/NotifDock.qml
5034a6ce10a6ab2c18fbdb93cd393789bcee72af	.local/share/bite-os/rices/caelestia/.config/quickshell/caelestia/modules/lock/NotifDock.qml
504afb1ef2efff0576efd1b848f374f20b2c23db	.local/share/bite-os/rices/serpantinum/.local/share/serpantinum/src/assets/themes/Tanzanite.json
508457a89d43f3588668ef49ac3638bb4cffb4f1	.local/share/bite-os/rices/serpantinum/.local/share/serpantinum/src/quickshell/singletons/widgetcontrols/OsdController.qml
50955c3203f79eb095da6df5e31dd94e72abfce7	.config/hypr/scripts/wall-optimize.sh
50955c3203f79eb095da6df5e31dd94e72abfce7	.local/share/bite-os/rices/caelestia/.config/hypr/scripts/wall-optimize.sh
50990ec4d1a6540ae40092af24a877bdfff59e82	.config/hypr/hyprland/scrolling.conf
50990ec4d1a6540ae40092af24a877bdfff59e82	.local/share/bite-os/rices/caelestia/.config/hypr/hyprland/scrolling.conf
50d57efd97ec1497d80ce7e8318181e36e84d030	.config/hypr/hyprland/gestures.conf
50d57efd97ec1497d80ce7e8318181e36e84d030	.local/share/bite-os/rices/caelestia/.config/hypr/hyprland/gestures.conf
50e1540ab516b9c124e659082db13639a40121f1	.local/share/bite-os/rices/serpantinum/.local/share/serpantinum/src/quickshell/bar/modules/system/WifiWidget.qml
513244ad04c01e14d35645139c6c2982785c97b4	.config/quickshell/caelestia/components/MaterialIcon.qml
513244ad04c01e14d35645139c6c2982785c97b4	.local/share/bite-os/rices/caelestia/.config/quickshell/caelestia/components/MaterialIcon.qml
513538a75a02f024002833682d21beb303e850c7	.local/share/bite-os/rices/serpantinum/.local/share/serpantinum/src/quickshell/bar/sidemodules/SideMediaWidget.qml
514c5689c6aa0115f0d9cfb3acd5de025864c8f2	.local/share/bite-os/rices/serpantinum/.local/share/serpantinum/src/quickshell/bar/sidemodules/SideTopWidget.qml
516d27b89f608a98178cbcde7e1538348213c557	.local/share/bite-os/rices/ilyamiro/.config/hypr/config/autostart.conf
518bfa6b2dd28bffc45c3e8ac52f1634f2b03420	.local/share/bite-os/rices/serpantinum/.local/share/serpantinum/src/assets/themes/GitHub Dark.json
51a579417f628780194df7d6e4cba2ea2ba4963b	.config/hypr/scripts/qs_manager.sh
51a579417f628780194df7d6e4cba2ea2ba4963b	.local/share/bite-os/rices/caelestia/.config/hypr/scripts/qs_manager.sh
51a579417f628780194df7d6e4cba2ea2ba4963b	.local/share/bite-os/rices/ilyamiro/.config/hypr/scripts/qs_manager.sh
51a579417f628780194df7d6e4cba2ea2ba4963b	.local/share/bite-os/rices/serpantinum/.config/hypr/scripts/qs_manager.sh
51fe13b27b4a42864516802942259749c1d68c8c	.local/share/bite-os/rices/serpantinum/.config/cava/config
5206483b233bc5abda53564b7976d88495c25c9d	.config/quickshell/caelestia/modules/utilities/cards/IdleInhibit.qml
5206483b233bc5abda53564b7976d88495c25c9d	.local/share/bite-os/rices/caelestia/.config/quickshell/caelestia/modules/utilities/cards/IdleInhibit.qml
522361d8bcb54a3f52f69b02f7f2cf7f89e10aab	.local/share/bite-os/rices/serpantinum/.local/share/serpantinum/src/quickshell/singletons/environment/Weather.qml
5245b135acc5da68234a80186e655b19fdfac1a7	.config/quickshell/caelestia/modules/utilities/cards/RecordingList.qml
5245b135acc5da68234a80186e655b19fdfac1a7	.local/share/bite-os/rices/caelestia/.config/quickshell/caelestia/modules/utilities/cards/RecordingList.qml
5247e77372b1ba00d63376fc189abb5d8dea231d	.config/quickshell/caelestia/modules/utilities/toasts/ToastItem.qml
5247e77372b1ba00d63376fc189abb5d8dea231d	.local/share/bite-os/rices/caelestia/.config/quickshell/caelestia/modules/utilities/toasts/ToastItem.qml
52c1fc57306d72a7282c41a4567781a05bd43c38	.config/quickshell/caelestia/modules/osd/Content.qml
52c1fc57306d72a7282c41a4567781a05bd43c38	.local/share/bite-os/rices/caelestia/.config/quickshell/caelestia/modules/osd/Content.qml
52c59ccd17def2c54a2a18216aee55578446f2a9	.config/quickshell/caelestia/utils/Thumbs.qml
52c59ccd17def2c54a2a18216aee55578446f2a9	.local/share/bite-os/rices/caelestia/.config/quickshell/caelestia/utils/Thumbs.qml
52e20d269133bc62fa63972585daabc9269773d2	.config/quickshell/caelestia/modules/drawers/Panels.qml
52e20d269133bc62fa63972585daabc9269773d2	.local/share/bite-os/rices/caelestia/.config/quickshell/caelestia/modules/drawers/Panels.qml
5308bc72a315b652ac2acf8e5c9bdd3870ef6056	.config/quickshell/caelestia/modules/controlcenter/appearance/AppearancePane.qml
531374f97b59d6ff5a32e34b6b374c1d052cb4f2	.config/quickshell/caelestia/modules/bar/components/StatusIcons.qml
531374f97b59d6ff5a32e34b6b374c1d052cb4f2	.local/share/bite-os/rices/caelestia/.config/quickshell/caelestia/modules/bar/components/StatusIcons.qml
5348bbe82e93cac20533d234edca445abc9a4b1c	.config/quickshell/caelestia/components/controls/MenuItem.qml
5348bbe82e93cac20533d234edca445abc9a4b1c	.local/share/bite-os/rices/caelestia/.config/quickshell/caelestia/components/controls/MenuItem.qml
53cad1bc789c82807b43a6ec1acd904fce99c23a	.config/hypr/config/autostart.conf
53cad1bc789c82807b43a6ec1acd904fce99c23a	.local/share/bite-os/rices/caelestia/.config/hypr/config/autostart.conf
5411c4e145a868bc0bf3d9a551404ef14af7e4ed	.config/quickshell/caelestia/components/containers/StyledFlickable.qml
5411c4e145a868bc0bf3d9a551404ef14af7e4ed	.local/share/bite-os/rices/caelestia/.config/quickshell/caelestia/components/containers/StyledFlickable.qml
543125647a4e6f2fce86b75e4cefd5d4af014d54	.config/hypr/scripts/quickshell/quickactions/DrawAction.qml
543125647a4e6f2fce86b75e4cefd5d4af014d54	.config/quickshell/ilyamiro-shell/quickactions/DrawAction.qml
543125647a4e6f2fce86b75e4cefd5d4af014d54	.local/share/bite-os/rices/caelestia/.config/hypr/scripts/quickshell/quickactions/DrawAction.qml
543125647a4e6f2fce86b75e4cefd5d4af014d54	.local/share/bite-os/rices/caelestia/.config/quickshell/ilyamiro-shell/quickactions/DrawAction.qml
543125647a4e6f2fce86b75e4cefd5d4af014d54	.local/share/bite-os/rices/ilyamiro/.config/hypr/scripts/quickshell/quickactions/DrawAction.qml
543125647a4e6f2fce86b75e4cefd5d4af014d54	.local/share/bite-os/rices/serpantinum/.config/hypr/scripts/quickshell/quickactions/DrawAction.qml
543c967708c29cba819fb66bb1d6d09f9d4b090b	.config/quickshell/caelestia/modules/nexus/pages/bluetooth/BluetoothPairing.qml
543c967708c29cba819fb66bb1d6d09f9d4b090b	.local/share/bite-os/rices/caelestia/.config/quickshell/caelestia/modules/nexus/pages/bluetooth/BluetoothPairing.qml
546689f719157cf62cf942711a94341567432d8e	.config/quickshell/caelestia/modules/launcher/services/Actions.qml
546689f719157cf62cf942711a94341567432d8e	.local/share/bite-os/rices/caelestia/.config/quickshell/caelestia/modules/launcher/services/Actions.qml
5484123b9f3622d0d2702a98701e16c4db6f3673	.config/glitch/icons/finger.jpeg
5493c3fb87b716cff267804483a618409911ce76	.local/share/bite-os/rices/ilyamiro/.config/hypr/config/keybindings.conf
54a3bd7ecb68a990e133654de4e8f44e4e897379	.local/share/bite-os/rices/serpantinum/.local/share/serpantinum/src/assets/themes/Sphene.json
55111ee8e1da94c288cecddf4a40895c7f133025	.local/share/bite-os/rices/serpantinum/.local/share/serpantinum/src/scripts/lock.sh
551588e4c020ee5ffca681532d1248dbb1b2c17a	.local/share/bite-os/rices/serpantinum/.local/share/serpantinum/src/quickshell/singletons/system/CurrentFocus.qml
55a5a208aaabc026db86d84965835e9860bd93e3	.config/hypr/scripts/screenshot.sh
55a5a208aaabc026db86d84965835e9860bd93e3	.local/share/bite-os/rices/caelestia/.config/hypr/scripts/screenshot.sh
55a5a208aaabc026db86d84965835e9860bd93e3	.local/share/bite-os/rices/ilyamiro/.config/hypr/scripts/screenshot.sh
5624050346ea53c8e213b43790fc1e38312bf0b9	.config/quickshell/caelestia/components/controls/CircularIndicator.qml
5624050346ea53c8e213b43790fc1e38312bf0b9	.local/share/bite-os/rices/caelestia/.config/quickshell/caelestia/components/controls/CircularIndicator.qml
56582cf20b87389f6649720ff89c240a5e87302b	.config/quickshell/ilyamiro-shell/calendar/weather.sh
56582cf20b87389f6649720ff89c240a5e87302b	.local/share/bite-os/rices/caelestia/.config/quickshell/ilyamiro-shell/calendar/weather.sh
568d9c50de4c90823bad71deb1f57993f340dbeb	.local/share/bite-os/rices/serpantinum/.local/share/serpantinum/src/quickshell/widgets/faces/MusicFace.qml
56cae26d127c619423cd2d605f3cc48e5c115d5b	.local/share/bite-os/rices/serpantinum/.local/share/serpantinum/src/assets/languages/ko.json
56cb8a3a2e15872b7b07717ccfac84238fd532b0	.config/glitch/CREDITS.md
56cb8fa79f207f5892f22e21020f08145f134104	.local/share/bite-os/rices/serpantinum/.local/share/serpantinum/src/quickshell/widgets/faces/VisualizerFaceContinuous.qml
56d3d61bfc1a3376b04ed66ef136bf0ad0cb0b92	.local/share/bite-os/rices/serpantinum/.local/share/serpantinum/src/quickshell/reusables/ImageBox.qml
56e226e20434594c43343abc6fdf1db6fd063de4	.config/hypr/scripts/quickshell/battery/BatteryPopup.qml
56e226e20434594c43343abc6fdf1db6fd063de4	.config/quickshell/ilyamiro-shell/battery/BatteryPopup.qml
56e226e20434594c43343abc6fdf1db6fd063de4	.local/share/bite-os/rices/caelestia/.config/hypr/scripts/quickshell/battery/BatteryPopup.qml
56e226e20434594c43343abc6fdf1db6fd063de4	.local/share/bite-os/rices/caelestia/.config/quickshell/ilyamiro-shell/battery/BatteryPopup.qml
56e226e20434594c43343abc6fdf1db6fd063de4	.local/share/bite-os/rices/ilyamiro/.config/hypr/scripts/quickshell/battery/BatteryPopup.qml
56e226e20434594c43343abc6fdf1db6fd063de4	.local/share/bite-os/rices/serpantinum/.config/hypr/scripts/quickshell/battery/BatteryPopup.qml
570246bf0fedced3dcdd85b92fb440148c9314c1	.config/quickshell/caelestia/components/effects/ColouredIcon.qml
570246bf0fedced3dcdd85b92fb440148c9314c1	.local/share/bite-os/rices/caelestia/.config/quickshell/caelestia/components/effects/ColouredIcon.qml
5704af18ce2baecab25dddd373f0b97a0b0080c1	.local/share/bite-os/rices/serpantinum/.config/hypr/scripts/bite-lock.sh
570e4fcf875afbaaa7118c86faf84c28491a37ba	.local/share/bite-os/rices/serpantinum/.local/share/serpantinum/src/assets/themes/SynthWave '84.json
576f0f3ef3ec13cc408db3d9c97f896fc85a6eaa	.config/hypr/scripts/workspaces.sh
576f0f3ef3ec13cc408db3d9c97f896fc85a6eaa	.local/share/bite-os/rices/caelestia/.config/hypr/scripts/workspaces.sh
576f0f3ef3ec13cc408db3d9c97f896fc85a6eaa	.local/share/bite-os/rices/ilyamiro/.config/hypr/scripts/workspaces.sh
576f0f3ef3ec13cc408db3d9c97f896fc85a6eaa	.local/share/bite-os/rices/serpantinum/.config/hypr/scripts/workspaces.sh
578d56de4f61d95b1c269610736f41e1c0b01efd	.local/share/bite-os/rices/ilyamiro/.config/hypr/config/autostart.conf
57ee06b4ffa096aae9caf42a8f575add0049642a	.config/quickshell/caelestia/modules/sidebar/NotifGroup.qml
57ee06b4ffa096aae9caf42a8f575add0049642a	.local/share/bite-os/rices/caelestia/.config/quickshell/caelestia/modules/sidebar/NotifGroup.qml
5802fa8534a6abdd6ebc8c481fa0a3239bc7fb78	.local/share/bite-os/rices/serpantinum/.local/share/serpantinum/src/assets/fonts/InconsolataGoNerdFont-Regular.ttf
581ff004418c77d96db5579e90c6a24261e2a0f2	.local/share/bite-os/rices/serpantinum/.local/share/serpantinum/src/assets/fonts/DaddyTimeMonoNerdFont-Regular.ttf
5899dbddc3145649a35c7c22aa7712daad0f7146	.local/share/bite-os/rices/serpantinum/.local/share/serpantinum/src/quickshell/singletons/theme/ThemeBackend.qml
58af806a66b38c78b267667359f9f1ab1b07b3fa	.config/quickshell/caelestia/components/controls/IconButton.qml
58af806a66b38c78b267667359f9f1ab1b07b3fa	.local/share/bite-os/rices/caelestia/.config/quickshell/caelestia/components/controls/IconButton.qml
58f5fc8c5cc9ee46bd792ac968276817554bbca2	.config/quickshell/caelestia/modules/controlcenter/state/EthernetState.qml
58f5fc8c5cc9ee46bd792ac968276817554bbca2	.config/quickshell/caelestia/modules/controlcenter/state/LauncherState.qml
58f5fc8c5cc9ee46bd792ac968276817554bbca2	.local/share/bite-os/rices/caelestia/.config/quickshell/caelestia/modules/controlcenter/state/EthernetState.qml
58f5fc8c5cc9ee46bd792ac968276817554bbca2	.local/share/bite-os/rices/caelestia/.config/quickshell/caelestia/modules/controlcenter/state/LauncherState.qml
58f8a24f2588ff25d66c4e525702a931bf5aad80	.local/share/bite-os/rices/serpantinum/.local/share/serpantinum/src/assets/fonts/TTCommonsPro_regular.otf
592db83f48efa52437ccc393b2d7d23514d98093	.config/glitch/plymouth/glitch-os/glitch-os.plymouth
5994672ede68a03edc5ea8f3b5735e5f4beb034e	.local/share/bite-os/rices/serpantinum/.config/hypr/settings.json
59a549b24d32f08f0484ae06d9c08853eb7a0741	.local/share/bite-os/rices/serpantinum/.local/share/serpantinum/src/quickshell/notifications/types/Default.qml
59f6d2c98c7f0d87778851e2bbe592c23250a1c3	.config/hypr/templates/settings.conf.template
59f6d2c98c7f0d87778851e2bbe592c23250a1c3	.local/share/bite-os/rices/caelestia/.config/hypr/templates/settings.conf.template
59f6d2c98c7f0d87778851e2bbe592c23250a1c3	.local/share/bite-os/rices/ilyamiro/.config/hypr/templates/settings.conf.template
59f6d2c98c7f0d87778851e2bbe592c23250a1c3	.local/share/bite-os/rices/serpantinum/.config/hypr/templates/settings.conf.template
5afe64a5126d3a4cb6e524bc08c9e533bcd1a019	.config/quickshell/caelestia/modules/sidebar/Content.qml
5afe64a5126d3a4cb6e524bc08c9e533bcd1a019	.local/share/bite-os/rices/caelestia/.config/quickshell/caelestia/modules/sidebar/Content.qml
5afe7de99565ff306b9536f54c4e7620f3aabd3b	.config/hypr/scripts/quickshell/focustime/FocusTimePopup.qml
5afe7de99565ff306b9536f54c4e7620f3aabd3b	.config/quickshell/ilyamiro-shell/focustime/FocusTimePopup.qml
5afe7de99565ff306b9536f54c4e7620f3aabd3b	.local/share/bite-os/rices/caelestia/.config/hypr/scripts/quickshell/focustime/FocusTimePopup.qml
5afe7de99565ff306b9536f54c4e7620f3aabd3b	.local/share/bite-os/rices/caelestia/.config/quickshell/ilyamiro-shell/focustime/FocusTimePopup.qml
5afe7de99565ff306b9536f54c4e7620f3aabd3b	.local/share/bite-os/rices/ilyamiro/.config/hypr/scripts/quickshell/focustime/FocusTimePopup.qml
5afe7de99565ff306b9536f54c4e7620f3aabd3b	.local/share/bite-os/rices/serpantinum/.config/hypr/scripts/quickshell/focustime/FocusTimePopup.qml
5b46565d2a284a597818a6ec60a9c5025c182a9b	.config/hypr/hyprland/keybinds.conf
5b46565d2a284a597818a6ec60a9c5025c182a9b	.local/share/bite-os/rices/caelestia/.config/hypr/hyprland/keybinds.conf
5b58b41e0722bd1ae089884528085e19a670f725	.config/quickshell/caelestia/modules/utilities/Background.qml
5b58b41e0722bd1ae089884528085e19a670f725	.local/share/bite-os/rices/caelestia/.config/quickshell/caelestia/modules/utilities/Background.qml
5b7f4bb76b48adf4a41daca11bb6b122d60c2377	.config/quickshell/caelestia/modules/dashboard/dash/DateTime.qml
5b7f4bb76b48adf4a41daca11bb6b122d60c2377	.local/share/bite-os/rices/caelestia/.config/quickshell/caelestia/modules/dashboard/dash/DateTime.qml
5b925393ddbf6c92873235c28998ace01aa82e99	.config/glitch/CREDITS.md
5ba86a8906f753b67e02a49b5a5bd4f833df9e12	.config/hypr/scripts/togglefloat.sh
5ba86a8906f753b67e02a49b5a5bd4f833df9e12	.local/share/bite-os/rices/caelestia/.config/hypr/scripts/togglefloat.sh
5bc9f99339a45f459711cebc8ef0b351511c7f2e	.config/quickshell/caelestia/modules/bar/components/TrayItem.qml
5bc9f99339a45f459711cebc8ef0b351511c7f2e	.local/share/bite-os/rices/caelestia/.config/quickshell/caelestia/modules/bar/components/TrayItem.qml
5bd7cb2f9e06f0cc2953a59b96c8d5760ee01dbd	.config/quickshell/caelestia/components/widgets/ExtraIndicator.qml
5bd7cb2f9e06f0cc2953a59b96c8d5760ee01dbd	.local/share/bite-os/rices/caelestia/.config/quickshell/caelestia/components/widgets/ExtraIndicator.qml
5be894b09d37a654f5900b3e48d166504d13ddb9	.local/share/bite-os/rices/serpantinum/.local/share/serpantinum/src/quickshell/widgets/WidgetRegistry.qml
5bf99ca3e146f73ff0f4100173ecea2a70330055	.config/quickshell/caelestia/modules/dashboard/Tabs.qml
5bf99ca3e146f73ff0f4100173ecea2a70330055	.local/share/bite-os/rices/caelestia/.config/quickshell/caelestia/modules/dashboard/Tabs.qml
5c163ed0449adbc51201b08b946a05f6e61b5ec1	.local/share/bite-os/rices/serpantinum/.local/share/serpantinum/src/quickshell/singletons/info/SysData.qml
5c16d71014819b7c5f6779b3009b492b4ff29322	.local/share/bite-os/rices/serpantinum/.local/share/serpantinum/src/quickshell/bar/modules/system/BatWidget.qml
5c1f33503dad9c10071ca40a036980f17e2b8102	.local/share/bite-os/rices/serpantinum/.local/share/serpantinum/src/assets/sounds/guide/barconfig/out.wav
5c5f8bbbeeacaccd25907b428f792baabd285296	.config/quickshell/caelestia/components/images/CachingImage.qml
5c5f8bbbeeacaccd25907b428f792baabd285296	.local/share/bite-os/rices/caelestia/.config/quickshell/caelestia/components/images/CachingImage.qml
5c80513e9134ebe8408cfc84aae5a3502d0d51a7	.config/quickshell/caelestia/modules/launcher/services/Apps.qml
5c80513e9134ebe8408cfc84aae5a3502d0d51a7	.local/share/bite-os/rices/caelestia/.config/quickshell/caelestia/modules/launcher/services/Apps.qml
5ca3e920fc4ecb1c178731e48e769d4b19572d08	.local/share/bite-os/rices/serpantinum/.local/share/serpantinum/src/quickshell/guide/BiteOsTab.qml
5ce6da09d32456849ad6b418432ede82fa6f44b2	.local/share/bite-os/rices/serpantinum/.local/share/serpantinum/src/assets/themes/Aquamarine.json
5d27e88cb71fba81f0dd5fabd46577b455b73fbb	.local/share/bite-os/rices/serpantinum/.local/share/serpantinum/src/quickshell/singletons/widgetcontrols/FloatingController.qml
5d2da9dedbf403ed11c99988cca2c543755a2ae0	.local/share/bite-os/rices/serpantinum/.local/share/serpantinum/src/assets/sounds/guide/barconfig/in.wav
5d70266a0eaf6f0c3d206e9f6da910902e907b0b	.config/quickshell/caelestia/modules/lock/Lock.qml
5d70266a0eaf6f0c3d206e9f6da910902e907b0b	.local/share/bite-os/rices/caelestia/.config/quickshell/caelestia/modules/lock/Lock.qml
5d953cd69b31f6f3eee152648fb9732e4ea73a8a	.local/share/bite-os/rices/serpantinum/.local/share/serpantinum/src/quickshell/popouts/Osd.qml
5dc03c8642da77064846c268414bfcf84b678a44	.local/share/bite-os/rices/serpantinum/.config/hypr/settings.json
5dd8b64119dd2894e8ac45f3e75bcd3ee4979ec4	.config/quickshell/caelestia/components/controls/FilledSlider.qml
5dd8b64119dd2894e8ac45f3e75bcd3ee4979ec4	.local/share/bite-os/rices/caelestia/.config/quickshell/caelestia/components/controls/FilledSlider.qml
5e8476032a55cc75268f55a9d261095f3a2b9f7e	.config/quickshell/caelestia/modules/areapicker/Picker.qml
5e8476032a55cc75268f55a9d261095f3a2b9f7e	.local/share/bite-os/rices/caelestia/.config/quickshell/caelestia/modules/areapicker/Picker.qml
5f27d8f85e1f460f90f13b30b096df984ffb719a	.local/share/bite-os/rices/serpantinum/.local/share/serpantinum/src/quickshell/bar/Bar.qml
5f2a1a135961ccce26e2188cb9c6095f9e19c30c	.local/share/bite-os/rices/serpantinum/.local/share/serpantinum/src/quickshell/volume/VolumePopup.qml
5f4450ec9fc9474670f11a0d8131ad13f7b2cdc5	.local/share/bite-os/rices/serpantinum/.local/share/serpantinum/src/assets/tutorial.json
5faa62c7ef3c3e3362e3845b3a2f5507e9134974	.config/matugen/templates/websites/youtube.css.template
5faa62c7ef3c3e3362e3845b3a2f5507e9134974	.local/share/bite-os/rices/caelestia/.config/matugen/templates/websites/youtube.css.template
5faa62c7ef3c3e3362e3845b3a2f5507e9134974	.local/share/bite-os/rices/ilyamiro/.config/matugen/templates/websites/youtube.css.template
5faa62c7ef3c3e3362e3845b3a2f5507e9134974	.local/share/bite-os/rices/serpantinum/.config/matugen/templates/websites/youtube.css.template
601ae945ebe1a717ac3ab7ed393288975da83b32	.local/share/bite-os/rices/serpantinum/.local/share/serpantinum/src/assets/fonts/IBMPlexMono-Regular.ttf
601fc09fe8ee96fbf8b1877c815c619d0c264d72	.config/quickshell/caelestia/modules/controlcenter/taskbar/TaskbarPane.qml
601fc09fe8ee96fbf8b1877c815c619d0c264d72	.local/share/bite-os/rices/caelestia/.config/quickshell/caelestia/modules/controlcenter/taskbar/TaskbarPane.qml
60316083464891bb95964fe31a5f2d6263693f99	.config/quickshell/caelestia/components/controls/IconButton.qml
60316083464891bb95964fe31a5f2d6263693f99	.local/share/bite-os/rices/caelestia/.config/quickshell/caelestia/components/controls/IconButton.qml
605e2959ea454ec4ec0e342ea2229f35c7ef6518	.local/share/bite-os/rices/serpantinum/.local/share/serpantinum/src/quickshell/reusables/FlipIcon.qml
606534708081a051b0c529fc56278727aafd3e0e	.local/share/bite-os/rices/serpantinum/.local/share/serpantinum/src/quickshell/reusables/ScreenPositionSelector.qml
60ed6a53c2578e7d33fbcd48a587985923a871ef	.config/quickshell/caelestia/modules/nexus/pages/AppsPage.qml
60ed6a53c2578e7d33fbcd48a587985923a871ef	.local/share/bite-os/rices/caelestia/.config/quickshell/caelestia/modules/nexus/pages/AppsPage.qml
6127d9a006e231f7aae13d2453953635889f71e4	.config/hypr/scripts/quickshell/watchers/battery_wait.sh
6127d9a006e231f7aae13d2453953635889f71e4	.config/quickshell/ilyamiro-shell/watchers/battery_wait.sh
6127d9a006e231f7aae13d2453953635889f71e4	.local/share/bite-os/rices/caelestia/.config/hypr/scripts/quickshell/watchers/battery_wait.sh
6127d9a006e231f7aae13d2453953635889f71e4	.local/share/bite-os/rices/caelestia/.config/quickshell/ilyamiro-shell/watchers/battery_wait.sh
6127d9a006e231f7aae13d2453953635889f71e4	.local/share/bite-os/rices/ilyamiro/.config/hypr/scripts/quickshell/watchers/battery_wait.sh
6127d9a006e231f7aae13d2453953635889f71e4	.local/share/bite-os/rices/serpantinum/.config/hypr/scripts/quickshell/watchers/battery_wait.sh
618a917ee9c05dac95d6152e1a9e1c98e712d97d	.config/hypr/templates/autostart.conf.template
618a917ee9c05dac95d6152e1a9e1c98e712d97d	.local/share/bite-os/rices/ilyamiro/.config/hypr/templates/autostart.conf.template
618a917ee9c05dac95d6152e1a9e1c98e712d97d	.local/share/bite-os/rices/serpantinum/.config/hypr/templates/autostart.conf.template
61980e301009bbde576b21b0a3c1a37e5e946cf3	.local/share/bite-os/rices/serpantinum/.local/share/serpantinum/src/assets/sounds/system/quick_click.wav
61a20370b004829adc8cf29248661b58c52761e5	.local/share/bite-os/rices/serpantinum/.local/share/serpantinum/src/assets/fonts/AnonymiceProNerdFont-Regular.ttf
61e91d0b2bf7c512e35560d569efd9f8e02516dd	.config/quickshell/caelestia/services/VPN.qml
61e91d0b2bf7c512e35560d569efd9f8e02516dd	.local/share/bite-os/rices/caelestia/.config/quickshell/caelestia/services/VPN.qml
620e54cd0a4df4535f0f8a59117ceb64632fbdea	.config/hypr/scripts/quickshell/focustime/focus_daemon.py
620e54cd0a4df4535f0f8a59117ceb64632fbdea	.config/quickshell/ilyamiro-shell/focustime/focus_daemon.py
620e54cd0a4df4535f0f8a59117ceb64632fbdea	.local/share/bite-os/rices/caelestia/.config/hypr/scripts/quickshell/focustime/focus_daemon.py
620e54cd0a4df4535f0f8a59117ceb64632fbdea	.local/share/bite-os/rices/caelestia/.config/quickshell/ilyamiro-shell/focustime/focus_daemon.py
620e54cd0a4df4535f0f8a59117ceb64632fbdea	.local/share/bite-os/rices/ilyamiro/.config/hypr/scripts/quickshell/focustime/focus_daemon.py
620e54cd0a4df4535f0f8a59117ceb64632fbdea	.local/share/bite-os/rices/serpantinum/.config/hypr/scripts/quickshell/focustime/focus_daemon.py
622ed1e13fcd69c50530dcbbbae36e7478264e2e	.config/quickshell/ilyamiro-shell/wallpaper/WallpaperPicker.qml
622ed1e13fcd69c50530dcbbbae36e7478264e2e	.local/share/bite-os/rices/caelestia/.config/quickshell/ilyamiro-shell/wallpaper/WallpaperPicker.qml
6238535dd758a76a6bcf798bc8b0ccf7eb62f1e1	.config/quickshell/caelestia/components/filedialog/FolderContents.qml
6238535dd758a76a6bcf798bc8b0ccf7eb62f1e1	.local/share/bite-os/rices/caelestia/.config/quickshell/caelestia/components/filedialog/FolderContents.qml
624e47ca60cd31d6cbf3318e55e257d813cc84c6	.local/share/bite-os/rices/serpantinum/.local/share/serpantinum/src/quickshell/singletons/theme/Wallpaper.qml
6268b92edbd5a8b5ff68215d303678d429f76533	.config/quickshell/caelestia/services/Audio.qml
6268b92edbd5a8b5ff68215d303678d429f76533	.local/share/bite-os/rices/caelestia/.config/quickshell/caelestia/services/Audio.qml
62faad250732d1517a87b3d924579c159858d612	.config/quickshell/caelestia/modules/utilities/cards/Toggles.qml
62faad250732d1517a87b3d924579c159858d612	.local/share/bite-os/rices/caelestia/.config/quickshell/caelestia/modules/utilities/cards/Toggles.qml
634b3e6ad3462c938a3ca4c81d3849cb8ed28f87	.config/quickshell/caelestia/modules/launcher/services/Actions.qml
634b3e6ad3462c938a3ca4c81d3849cb8ed28f87	.local/share/bite-os/rices/caelestia/.config/quickshell/caelestia/modules/launcher/services/Actions.qml
63b69b5714417a77395262aeac616eda28e10fe4	.config/quickshell/caelestia/modules/bar/popouts/Network.qml
63b69b5714417a77395262aeac616eda28e10fe4	.local/share/bite-os/rices/caelestia/.config/quickshell/caelestia/modules/bar/popouts/Network.qml
63df1faf490b22fb150cc438b37cbdd56709a11f	.local/share/bite-os/rices/serpantinum/.local/share/serpantinum/src/assets/sounds/quickactions/usage.wav
63e60071b7e843a6c50de1d899f98c12123fa2c8	.local/share/bite-os/rices/serpantinum/.local/share/serpantinum/src/assets/fonts/HeavyDataNerdFont-Regular.ttf
64846917270822fd65180008ad15b3032737944d	.local/share/bite-os/rices/serpantinum/.local/share/serpantinum/src/quickshell/polkit/Polkit.qml
6484e0e6f9358a2bcd3765b90f087ecda3cf6674	.config/quickshell/caelestia/components/StyledClippingRect.qml
6484e0e6f9358a2bcd3765b90f087ecda3cf6674	.local/share/bite-os/rices/caelestia/.config/quickshell/caelestia/components/StyledClippingRect.qml
648a5d6145ef7cec180c26230fdb8d67ae20fe5b	.config/quickshell/caelestia/modules/nexus/pages/WallpaperAndStyle.qml
648a5d6145ef7cec180c26230fdb8d67ae20fe5b	.local/share/bite-os/rices/caelestia/.config/quickshell/caelestia/modules/nexus/pages/WallpaperAndStyle.qml
64ba6376d37543b57e85946c3b91dac81a92725a	.local/share/bite-os/rices/serpantinum/.local/share/serpantinum/src/quickshell/bar/modules/system/BtWidget.qml
64bbb6e20dc577c9d1222453dd0b1951a4640650	.config/glitch/bin/bite-icons-fix
64c7c9fc8b95c5b3d7ac4a53785f4e83b1752302	.config/quickshell/caelestia/modules/controlcenter/components/SplitPaneLayout.qml
64c7c9fc8b95c5b3d7ac4a53785f4e83b1752302	.local/share/bite-os/rices/caelestia/.config/quickshell/caelestia/modules/controlcenter/components/SplitPaneLayout.qml
6500e25521a7d7ca4725d1aed13e231ed2668b68	.local/share/bite-os/rices/ilyamiro/.config/hypr/config/autostart.conf
65bfd6c32d4964f6e63b586e5be981f2b21093c2	.local/share/bite-os/rices/serpantinum/.local/share/serpantinum/src/quickshell/guide/BarTab.qml
65cb3b8f244e98de79a2382563ab2dfc9e813da8	.local/share/bite-os/rices/serpantinum/.local/share/serpantinum/src/assets/sounds/start/start.wav
666fad9fb688f4439303f46716d83f118329798e	.config/hypr/config/keybindings.conf
666fad9fb688f4439303f46716d83f118329798e	.local/share/bite-os/rices/caelestia/.config/hypr/config/keybindings.conf
66733dc06636dc7ec3180e8c91c7512d44aed257	.local/share/bite-os/rices/serpantinum/.local/share/serpantinum/src/quickshell/guide/OnScreenDisplayTab.qml
66ac36d695ee4c41cb89376f898f5ddc1c56d4ce	.local/share/bite-os/rices/serpantinum/.local/share/serpantinum/src/assets/languages/en.json
66d91c785c97b08cdae53503ca237f91c89af71e	.local/share/bite-os/rices/serpantinum/.local/share/serpantinum/src/quickshell/guide/DockTab.qml
6720cce059db4163c9f96bb28f9dc29f312ad5e7	.local/share/bite-os/rices/serpantinum/.local/share/serpantinum/src/assets/themes/Pyrite.json
67741033022de6210dcf6e7d3b9abaf2706f6d4d	.config/hypr/scripts/quickshell/volume/audio_control.sh
67741033022de6210dcf6e7d3b9abaf2706f6d4d	.config/quickshell/ilyamiro-shell/volume/audio_control.sh
67741033022de6210dcf6e7d3b9abaf2706f6d4d	.local/share/bite-os/rices/caelestia/.config/hypr/scripts/quickshell/volume/audio_control.sh
67741033022de6210dcf6e7d3b9abaf2706f6d4d	.local/share/bite-os/rices/caelestia/.config/quickshell/ilyamiro-shell/volume/audio_control.sh
67741033022de6210dcf6e7d3b9abaf2706f6d4d	.local/share/bite-os/rices/ilyamiro/.config/hypr/scripts/quickshell/volume/audio_control.sh
67741033022de6210dcf6e7d3b9abaf2706f6d4d	.local/share/bite-os/rices/serpantinum/.config/hypr/scripts/quickshell/volume/audio_control.sh
6785ede8a4e7c59877743adab336b7e445c72ebb	.config/quickshell/caelestia/modules/dashboard/Dash.qml
6785ede8a4e7c59877743adab336b7e445c72ebb	.local/share/bite-os/rices/caelestia/.config/quickshell/caelestia/modules/dashboard/Dash.qml
67cd07a5fd60a17fca5cd16cf7f68e1682ec0b65	.local/share/bite-os/rices/serpantinum/.local/share/serpantinum/src/assets/sounds/notifications/Sine.wav
67f78754e3c9bd1a68cb29c5c1a066a79fcb8abe	.local/share/bite-os/rices/serpantinum/.local/share/serpantinum/src/quickshell/watchers/sys_fetcher.sh
681a805d7a4bf010b19aa27563f8f999a82e7d48	.config/quickshell/caelestia/modules/bar/components/Power.qml
681a805d7a4bf010b19aa27563f8f999a82e7d48	.local/share/bite-os/rices/caelestia/.config/quickshell/caelestia/modules/bar/components/Power.qml
6879c92b96fa115b226fbddcaac58c72d9edb07e	.config/quickshell/caelestia/assets/logo.svg
6879c92b96fa115b226fbddcaac58c72d9edb07e	.local/share/bite-os/rices/caelestia/.config/quickshell/caelestia/assets/logo.svg
688256cb1a37fd96cd6c3ef02dc4b6fa774e7b02	.local/share/bite-os/rices/serpantinum/.local/share/serpantinum/src/assets/fonts/AgaveNerdFont-Regular.ttf
68fc5a0a4f3329ba6f817dc2d091e7acd56d15cf	.local/share/bite-os/rices/serpantinum/.local/share/serpantinum/src/quickshell/widgets/faces/ImageFaceRect.qml
691fd3c5027150215f376d7d4ba6aca02112879d	.config/quickshell/caelestia/components/ConnectionHeader.qml
691fd3c5027150215f376d7d4ba6aca02112879d	.local/share/bite-os/rices/caelestia/.config/quickshell/caelestia/components/ConnectionHeader.qml
699687a8db30b977fff9ae7904c6ea705cd866c3	.local/share/bite-os/rices/serpantinum/.local/share/serpantinum/src/quickshell/guide/DockTab.qml
69a004727902e21a318bd415d0a469ab9a1b9d20	.local/share/bite-os/rices/serpantinum/.local/share/serpantinum/src/quickshell/widgets/faces/BatteryFace.qml
69be0c3aecb90a9402b34529c5de49b3aa1c8acd	.config/quickshell/caelestia/modules/launcher/Content.qml
69be0c3aecb90a9402b34529c5de49b3aa1c8acd	.local/share/bite-os/rices/caelestia/.config/quickshell/caelestia/modules/launcher/Content.qml
6a14d41e3e58cf5a9e60de5ad8fbb065f9efd048	.config/quickshell/caelestia/modules/background/DesktopClock.qml
6a14d41e3e58cf5a9e60de5ad8fbb065f9efd048	.local/share/bite-os/rices/caelestia/.config/quickshell/caelestia/modules/background/DesktopClock.qml
6a4de0a476227ec5cfc3ba83bf5af4eb8f113156	.local/share/bite-os/rices/serpantinum/.local/share/serpantinum/src/assets/themes/Charoite.json
6a61391cba6b75adb5fbc534fbc76e48dc164762	.config/quickshell/caelestia/components/controls/StyledScrollBar.qml
6a61391cba6b75adb5fbc534fbc76e48dc164762	.local/share/bite-os/rices/caelestia/.config/quickshell/caelestia/components/controls/StyledScrollBar.qml
6a8f12ae2967e6c91efac414a60a7532aa86952a	.local/share/bite-os/toys.installed
6ab819fc5e948b982ea822cbd6c3534b8e710ffd	.local/share/bite-os/toys.installed
6aee36c4738da4b462b8348a28ff4f330b460e2a	.config/hypr/scripts/quickshell/watchers/bt_wait.sh
6aee36c4738da4b462b8348a28ff4f330b460e2a	.config/quickshell/ilyamiro-shell/watchers/bt_wait.sh
6aee36c4738da4b462b8348a28ff4f330b460e2a	.local/share/bite-os/rices/caelestia/.config/hypr/scripts/quickshell/watchers/bt_wait.sh
6aee36c4738da4b462b8348a28ff4f330b460e2a	.local/share/bite-os/rices/caelestia/.config/quickshell/ilyamiro-shell/watchers/bt_wait.sh
6aee36c4738da4b462b8348a28ff4f330b460e2a	.local/share/bite-os/rices/ilyamiro/.config/hypr/scripts/quickshell/watchers/bt_wait.sh
6aee36c4738da4b462b8348a28ff4f330b460e2a	.local/share/bite-os/rices/serpantinum/.config/hypr/scripts/quickshell/watchers/bt_wait.sh
6af187291b9c04752e4dc20c0dc094a5937f1062	.local/share/bite-os/rices/serpantinum/.local/share/serpantinum/src/quickshell/guide/BiteOsTab.qml
6b7fd0083851f0507c3642342384f624be68a414	.local/share/bite-os/rices/serpantinum/.local/share/serpantinum/src/assets/themes/Titanium.json
6bda112e7269b996fd4f5dfd85aaae308864facf	.config/quickshell/caelestia/modules/nexus/common/ListEditor.qml
6bda112e7269b996fd4f5dfd85aaae308864facf	.local/share/bite-os/rices/caelestia/.config/quickshell/caelestia/modules/nexus/common/ListEditor.qml
6bde196a9af3f01eb2046bbe43746d6e086c8e8f	.config/quickshell/caelestia/modules/controlcenter/dashboard/DashboardPane.qml
6bde196a9af3f01eb2046bbe43746d6e086c8e8f	.local/share/bite-os/rices/caelestia/.config/quickshell/caelestia/modules/controlcenter/dashboard/DashboardPane.qml
6be8169b4aec278bdac6d7e309d415c82d9204cf	.config/quickshell/caelestia/modules/bar/popouts/PopoutState.qml
6be8169b4aec278bdac6d7e309d415c82d9204cf	.local/share/bite-os/rices/caelestia/.config/quickshell/caelestia/modules/bar/popouts/PopoutState.qml
6bf44806d48d260c7a85ed612dfedb1927b2aa6b	.local/share/bite-os/rices/serpantinum/.local/share/serpantinum/src/quickshell/reusables/SliderProgress.qml
6c4dc8d259e598c2ee2a24cc994ac79ea58d44e6	.config/quickshell/caelestia/services/NetworkUsage.qml
6c4dc8d259e598c2ee2a24cc994ac79ea58d44e6	.local/share/bite-os/rices/caelestia/.config/quickshell/caelestia/services/NetworkUsage.qml
6c62f43d59a65202b8d99aa1b55289e8665f917c	.config/quickshell/caelestia/components/controls/Tooltip.qml
6c62f43d59a65202b8d99aa1b55289e8665f917c	.local/share/bite-os/rices/caelestia/.config/quickshell/caelestia/components/controls/Tooltip.qml
6cda6d0ff204c30ffa9e2dd83d80248544d9ac8f	.local/share/bite-os/rices/serpantinum/.local/share/serpantinum/src/quickshell/singletons/system/TimerState.qml
6cf086acb2ec9c2ec8abfff906973d4d5280a84a	.config/hypr/scripts/quickshell/watchers/network_wait.sh
6cf086acb2ec9c2ec8abfff906973d4d5280a84a	.config/quickshell/ilyamiro-shell/watchers/network_wait.sh
6cf086acb2ec9c2ec8abfff906973d4d5280a84a	.local/share/bite-os/rices/caelestia/.config/hypr/scripts/quickshell/watchers/network_wait.sh
6cf086acb2ec9c2ec8abfff906973d4d5280a84a	.local/share/bite-os/rices/caelestia/.config/quickshell/ilyamiro-shell/watchers/network_wait.sh
6cf086acb2ec9c2ec8abfff906973d4d5280a84a	.local/share/bite-os/rices/ilyamiro/.config/hypr/scripts/quickshell/watchers/network_wait.sh
6cf086acb2ec9c2ec8abfff906973d4d5280a84a	.local/share/bite-os/rices/serpantinum/.config/hypr/scripts/quickshell/watchers/network_wait.sh
6d2aaa0037645f452f9b6f7a498aa3cb997e6722	.config/quickshell/caelestia/modules/nexus/common/AnimatedLogo.qml
6d2aaa0037645f452f9b6f7a498aa3cb997e6722	.local/share/bite-os/rices/caelestia/.config/quickshell/caelestia/modules/nexus/common/AnimatedLogo.qml
6d2f07445d731cf65996f44b28cef332ba1852e7	.local/share/bite-os/rices/serpantinum/.local/share/serpantinum/src/assets/languages/ko.json
6d59a9c728a833042a434d00d4a056f3f96b9466	.local/share/bite-os/rices/serpantinum/.local/share/serpantinum/src/assets/themes/Iolite.json
6d64a01182c91341e84b5104b2d4c2f2414698fd	.local/share/bite-os/rices/serpantinum/.local/share/serpantinum/src/quickshell/widgets/faces/qmldir
6d6f8346ca686e2e2a290a37d8f950246d403dd7	.config/quickshell/ilyamiro-shell/settings/SettingsPopup.qml
6d99477b16631ff864431e3099e49490b098dfed	.config/caelestia/shell.json
6d99477b16631ff864431e3099e49490b098dfed	.local/share/bite-os/rices/caelestia/.config/caelestia/shell.json
6dcc7c73e7bf418a6da31c2845d24ee8fd938c88	.config/quickshell/ilyamiro-shell/settings/SettingsPopup.qml
6dcc7c73e7bf418a6da31c2845d24ee8fd938c88	.local/share/bite-os/rices/caelestia/.config/quickshell/ilyamiro-shell/settings/SettingsPopup.qml
6dfc791c5289e1a3ff8fb67fb3a359649d29fc4d	.config/quickshell/caelestia/services/GameMode.qml
6dfc791c5289e1a3ff8fb67fb3a359649d29fc4d	.local/share/bite-os/rices/caelestia/.config/quickshell/caelestia/services/GameMode.qml
6dffa71a68e8435d8d65042ac67e8f439bc41c4a	.local/share/bite-os/rices/serpantinum/.local/share/serpantinum/src/quickshell/bar/sidemodules/SideTimeDateWidget.qml
6e09f3b65190187b2e8a982830585a8e73befb3e	.config/hypr/scripts/qs_manager.sh
6e09f3b65190187b2e8a982830585a8e73befb3e	.local/share/bite-os/rices/caelestia/.config/hypr/scripts/qs_manager.sh
6e09f3b65190187b2e8a982830585a8e73befb3e	.local/share/bite-os/rices/ilyamiro/.config/hypr/scripts/qs_manager.sh
6e143cc511c458f7f4c488ea1a80ad81e79bb51b	.local/share/bite-os/rices/serpantinum/.local/share/serpantinum/src/quickshell/guide/theme/ThemeTab.qml
6e329915a47348bd9d6e270f2af8cf27674cb787	.local/share/bite-os/rices/serpantinum/.local/share/serpantinum/src/assets/fonts/BlexMonoNerdFontMono-Regular.ttf
6e3bae1adbf851750b333c38c86268d4e4a3d221	.config/glitch/bin/glitch-fetch.sh
6f14e919492ab4026e879657001a992cfe7897a6	.config/quickshell/caelestia/modules/launcher/items/AppItem.qml
6f14e919492ab4026e879657001a992cfe7897a6	.local/share/bite-os/rices/caelestia/.config/quickshell/caelestia/modules/launcher/items/AppItem.qml
6f66237fd74274c3487684e44d4b6b4516bef362	.local/share/bite-os/rices/serpantinum/.local/share/serpantinum/src/assets/sounds/notifications/Botanica.wav
6fcbc875b1eab5f6622370d3b69c5d8e1bbcf526	.config/quickshell/caelestia/modules/BatteryMonitor.qml
6fcbc875b1eab5f6622370d3b69c5d8e1bbcf526	.local/share/bite-os/rices/caelestia/.config/quickshell/caelestia/modules/BatteryMonitor.qml
70423658e318fb3818f393a8685eda493898023c	.local/share/bite-os/rices/serpantinum/.local/share/serpantinum/src/assets/fonts/SF-Pro-Display-Regular.otf
7048419638a228565e611efc60b565918a769eaa	.config/quickshell/caelestia/modules/controlcenter/appearance/sections/IlyamiroBlendSection.qml
7048419638a228565e611efc60b565918a769eaa	.local/share/bite-os/rices/caelestia/.config/quickshell/caelestia/modules/controlcenter/appearance/sections/IlyamiroBlendSection.qml
70899a4aff87c51c4b4c5b1623ceadc1bdadb60f	.local/share/bite-os/rices/serpantinum/.local/share/serpantinum/src/quickshell/bar/sidemodules/SideWeatherWidget.qml
7099a1ea01c83b71e1b19c1fa8d09faac48af037	.local/share/bite-os/rices/serpantinum/.local/share/serpantinum/src/quickshell/dock/Dock.qml
70f58af08edb82f35672daa262b96beaade49190	.config/quickshell/caelestia/modules/notifications/Notification.qml
70f58af08edb82f35672daa262b96beaade49190	.local/share/bite-os/rices/caelestia/.config/quickshell/caelestia/modules/notifications/Notification.qml
719170e3fe43333c107b44fc692b26ec338b557c	.config/quickshell/caelestia/utils/Icons.qml
719170e3fe43333c107b44fc692b26ec338b557c	.local/share/bite-os/rices/caelestia/.config/quickshell/caelestia/utils/Icons.qml
71cbefbadfb7b0eec18b039c27c8f46f6f06172a	.config/hypr/templates/autostart.conf.template
71cbefbadfb7b0eec18b039c27c8f46f6f06172a	.local/share/bite-os/rices/caelestia/.config/hypr/templates/autostart.conf.template
71cfb9399e22ec800bbd51c3d6f78c20e42531cc	.config/quickshell/caelestia/modules/sidebar/NotifGroupList.qml
71cfb9399e22ec800bbd51c3d6f78c20e42531cc	.local/share/bite-os/rices/caelestia/.config/quickshell/caelestia/modules/sidebar/NotifGroupList.qml
71d80c709e4d68eb838e11a31ac2956576a2fc60	.local/share/bite-os/rices/serpantinum/.local/share/serpantinum/src/assets/sounds/notifications/WakeUp.mp3
7209d17aba8038c1b2d95000c4b6918733df2f13	.local/share/bite-os/rices/serpantinum/.local/share/serpantinum/src/quickshell/widgets/faces/ClockFaceDigital.qml
7266649f44f3bf67669457c0f1bb754d5ca9f034	.config/hypr/scripts/quickshell/guide/previews/preview_battery.png
7266649f44f3bf67669457c0f1bb754d5ca9f034	.config/quickshell/ilyamiro-shell/guide/previews/preview_battery.png
7266649f44f3bf67669457c0f1bb754d5ca9f034	.local/share/bite-os/rices/caelestia/.config/hypr/scripts/quickshell/guide/previews/preview_battery.png
7266649f44f3bf67669457c0f1bb754d5ca9f034	.local/share/bite-os/rices/caelestia/.config/quickshell/ilyamiro-shell/guide/previews/preview_battery.png
7266649f44f3bf67669457c0f1bb754d5ca9f034	.local/share/bite-os/rices/ilyamiro/.config/hypr/scripts/quickshell/guide/previews/preview_battery.png
7266649f44f3bf67669457c0f1bb754d5ca9f034	.local/share/bite-os/rices/serpantinum/.config/hypr/scripts/quickshell/guide/previews/preview_battery.png
72814e6e073fad957cd29de39932a8609f2ace62	.local/share/bite-os/rices/serpantinum/.local/share/serpantinum/src/quickshell/singletons/audio/Sounds.qml
72aad67875504a91e00e3ac7337d64d20311d40e	.local/share/bite-os/rices/serpantinum/.local/share/serpantinum/src/quickshell/quickactions/Floating.qml
72b8b3a8eaa9c83b0305851709826b4c056d84eb	.config/quickshell/caelestia/modules/sidebar/NotifGroupList.qml
72b8b3a8eaa9c83b0305851709826b4c056d84eb	.local/share/bite-os/rices/caelestia/.config/quickshell/caelestia/modules/sidebar/NotifGroupList.qml
72bbed6f15a74dc38f98ab475d7422ea5e2b94e6	.config/quickshell/caelestia/components/containers/StyledWindow.qml
72bbed6f15a74dc38f98ab475d7422ea5e2b94e6	.local/share/bite-os/rices/caelestia/.config/quickshell/caelestia/components/containers/StyledWindow.qml
739c50bae6b126ee01a1f8979ca5b44c1755fb74	.config/quickshell/caelestia/components/MaterialIcon.qml
739c50bae6b126ee01a1f8979ca5b44c1755fb74	.local/share/bite-os/rices/caelestia/.config/quickshell/caelestia/components/MaterialIcon.qml
739ca5e07817dbbf0cc7b8fe0e7bee1382cd6639	.local/share/bite-os/rices/serpantinum/.local/share/serpantinum/src/quickshell/reusables/DeleteButton.qml
73e0af272eab4c999f690d4199936a713a77064b	.config/quickshell/caelestia/modules/dashboard/Tabs.qml
73e0af272eab4c999f690d4199936a713a77064b	.local/share/bite-os/rices/caelestia/.config/quickshell/caelestia/modules/dashboard/Tabs.qml
73e21d3c8efdffd54363a63c8b8734952e13d726	.local/share/bite-os/rices/serpantinum/.local/share/serpantinum/src/assets/themes/Mariana.json
73fd00ae666468785b0be55586d2a0785827d4ed	.config/quickshell/caelestia/modules/controlcenter/components/SliderInput.qml
73fd00ae666468785b0be55586d2a0785827d4ed	.local/share/bite-os/rices/caelestia/.config/quickshell/caelestia/modules/controlcenter/components/SliderInput.qml
74369405b89d44beafaf0643f9ca1dd34e65b5e3	.local/share/bite-os/rices/serpantinum/.local/share/serpantinum/src/assets/fonts/0xProtoNerdFont-Regular.ttf
7460b8a5cbee8a77925a4c4734935322904ff16b	.config/foot/foot.ini.glitch
7460b8a5cbee8a77925a4c4734935322904ff16b	.local/share/bite-os/rices/caelestia/.config/foot/foot.ini.glitch
749788ef50f354bc95f52655c83f29c871a163b1	.local/share/bite-os/rices/serpantinum/.local/share/serpantinum/src/quickshell/notifications/NotificationPopups.qml
749a0db1ddf34beb12628a34b079d91ec4f2ebfc	.local/share/bite-os/rices/serpantinum/.local/state/serpantinum/version
74a7b881738e45fbe2b0928a598019a56e32e8de	.config/quickshell/caelestia/modules/lock/Content.qml
74a7b881738e45fbe2b0928a598019a56e32e8de	.local/share/bite-os/rices/caelestia/.config/quickshell/caelestia/modules/lock/Content.qml
74b1aa6b02fec81a58787a01af25bf1caed9e380	.config/quickshell/caelestia/modules/nexus/common/BlobPopup.qml
74b1aa6b02fec81a58787a01af25bf1caed9e380	.local/share/bite-os/rices/caelestia/.config/quickshell/caelestia/modules/nexus/common/BlobPopup.qml
74c22fd69f08e7cd79b4d9b0a512e3fa7aacd1c5	.config/quickshell/caelestia/modules/nexus/common/PageBase.qml
74c22fd69f08e7cd79b4d9b0a512e3fa7aacd1c5	.local/share/bite-os/rices/caelestia/.config/quickshell/caelestia/modules/nexus/common/PageBase.qml
7544dd25a6ad926c76e42e8e7e0d8115920427b4	.local/share/bite-os/rices/serpantinum/.local/share/serpantinum/src/quickshell/lock/Lock.qml
75cc0f53c4aa0b3f4f31ef25c3f232d6754b27c1	.config/quickshell/ilyamiro-shell/Shell.qml
75cc0f53c4aa0b3f4f31ef25c3f232d6754b27c1	.local/share/bite-os/rices/caelestia/.config/quickshell/ilyamiro-shell/Shell.qml
75daa6d97a3fb0902aaf573d006e38196d4eeee6	.config/hypr/scripts/wallpaper.sh
75daa6d97a3fb0902aaf573d006e38196d4eeee6	.local/share/bite-os/rices/caelestia/.config/hypr/scripts/wallpaper.sh
7608a8b85faef9052f623859165af41234d2d471	.config/quickshell/caelestia/modules/lock/center/PasswordInput.qml
7608a8b85faef9052f623859165af41234d2d471	.local/share/bite-os/rices/caelestia/.config/quickshell/caelestia/modules/lock/center/PasswordInput.qml
76bea02e6617fb2244defb6cb99c3a1dc61131c0	.local/share/bite-os/rices/serpantinum/.local/share/serpantinum/src/quickshell/bar/modules/InfoWidget.qml
76cc10399c3f75545b3d265a8ae9088489b2a872	.config/quickshell/caelestia/modules/areapicker/AreaPicker.qml
76cc10399c3f75545b3d265a8ae9088489b2a872	.local/share/bite-os/rices/caelestia/.config/quickshell/caelestia/modules/areapicker/AreaPicker.qml
7723216b85e75a5a7abd76e271ad1ecd733c88fb	.config/hypr/scripts/update_notifier.sh
7723216b85e75a5a7abd76e271ad1ecd733c88fb	.local/share/bite-os/rices/caelestia/.config/hypr/scripts/update_notifier.sh
7723216b85e75a5a7abd76e271ad1ecd733c88fb	.local/share/bite-os/rices/ilyamiro/.config/hypr/scripts/update_notifier.sh
7723216b85e75a5a7abd76e271ad1ecd733c88fb	.local/share/bite-os/rices/serpantinum/.config/hypr/scripts/update_notifier.sh
774d55598620bf75af88bd7691d0da0fb004a66e	.local/share/bite-os/rices/serpantinum/.local/share/serpantinum/src/assets/themes/Kanagawa.json
7795b89654f261de9f047c67867055c2cacd0d82	.config/quickshell/caelestia/modules/lock/Fetch.qml
7795b89654f261de9f047c67867055c2cacd0d82	.local/share/bite-os/rices/caelestia/.config/quickshell/caelestia/modules/lock/Fetch.qml
77d98b7167803a5b97207f07a4dde2d13762f0ee	.config/hypr/scripts/quickshell/watchers/audio_fetch.sh
77d98b7167803a5b97207f07a4dde2d13762f0ee	.config/quickshell/ilyamiro-shell/watchers/audio_fetch.sh
77d98b7167803a5b97207f07a4dde2d13762f0ee	.local/share/bite-os/rices/caelestia/.config/hypr/scripts/quickshell/watchers/audio_fetch.sh
77d98b7167803a5b97207f07a4dde2d13762f0ee	.local/share/bite-os/rices/caelestia/.config/quickshell/ilyamiro-shell/watchers/audio_fetch.sh
77d98b7167803a5b97207f07a4dde2d13762f0ee	.local/share/bite-os/rices/ilyamiro/.config/hypr/scripts/quickshell/watchers/audio_fetch.sh
77d98b7167803a5b97207f07a4dde2d13762f0ee	.local/share/bite-os/rices/serpantinum/.config/hypr/scripts/quickshell/watchers/audio_fetch.sh
77f0cda58d8890c1d3e7f65b2dfc9e95cd21c06a	.local/share/bite-os/rices/serpantinum/.local/share/serpantinum/src/quickshell/notifications/types/Weather.qml
78a89276f11a1b71d598c741c0ee8664062fce19	.local/share/bite-os/rices/serpantinum/.config/hypr/settings.json
791ccd3550c9890498f926485f5d705f3a3a1028	.local/share/bite-os/rices/serpantinum/.local/share/serpantinum/src/quickshell/singletons/system/Updater.qml
7975d1bf4ae50a18c3d723067da5c8ecd3bf5e5c	.config/quickshell/caelestia/modules/bar/popouts/TrayMenu.qml
7975d1bf4ae50a18c3d723067da5c8ecd3bf5e5c	.local/share/bite-os/rices/caelestia/.config/quickshell/caelestia/modules/bar/popouts/TrayMenu.qml
79787de515bb04d1c4eca6035e194d1ad7250f03	.config/quickshell/caelestia/modules/dashboard/dash/User.qml
79787de515bb04d1c4eca6035e194d1ad7250f03	.local/share/bite-os/rices/caelestia/.config/quickshell/caelestia/modules/dashboard/dash/User.qml
798bcbad8cba5b9e9df4b2b5a76e704f62c309f4	.local/share/bite-os/rices/serpantinum/.local/share/serpantinum/src/assets/themes/Latte.json
79bfad7cfdef9f850580cd1c5fa4c32562b2ac80	.local/share/bite-os/rices/serpantinum/.local/share/serpantinum/src/assets/themes/Monokai.json
7a072eb8ac5c0a7f7c05c94488cd349baea8b924	.local/share/bite-os/rices/serpantinum/.local/share/serpantinum/src/assets/themes/Kunzite.json
7a13150cb39a453553463ee44d8dabb9b1877e30	.config/quickshell/caelestia/modules/areapicker/Picker.qml
7a13150cb39a453553463ee44d8dabb9b1877e30	.local/share/bite-os/rices/caelestia/.config/quickshell/caelestia/modules/areapicker/Picker.qml
7a2a7ddfef1102d9d1530be202a7b4ebc0d57f11	.config/hypr/hyprland/keybinds.conf
7a2a7ddfef1102d9d1530be202a7b4ebc0d57f11	.local/share/bite-os/rices/caelestia/.config/hypr/hyprland/keybinds.conf
7a3d7b28f3f31c57af99cf8e5292b5dec816c15a	.config/glitch/wallpapers/bite-os-default.png
7a3d7b28f3f31c57af99cf8e5292b5dec816c15a	.config/hypr/wallpapers/default.png
7a3d7b28f3f31c57af99cf8e5292b5dec816c15a	.local/share/bite-os/rices/caelestia/.config/hypr/wallpapers/default.png
7a3d7b28f3f31c57af99cf8e5292b5dec816c15a	Pictures/Wallpapers/bite-os-default.png
7a4fb743176ad099f06edff54f0e4dc1c69421f1	.config/quickshell/caelestia/modules/windowinfo/Buttons.qml
7a4fb743176ad099f06edff54f0e4dc1c69421f1	.local/share/bite-os/rices/caelestia/.config/quickshell/caelestia/modules/windowinfo/Buttons.qml
7a66d3b9719f50e8091f2a197fe3da39729402e5	.config/quickshell/caelestia/modules/bar/popouts/Wrapper.qml
7a66d3b9719f50e8091f2a197fe3da39729402e5	.local/share/bite-os/rices/caelestia/.config/quickshell/caelestia/modules/bar/popouts/Wrapper.qml
7aa3f13f1ffa53814655763aeea35ce7175b2e71	.config/quickshell/caelestia/components/SectionContainer.qml
7aa3f13f1ffa53814655763aeea35ce7175b2e71	.local/share/bite-os/rices/caelestia/.config/quickshell/caelestia/components/SectionContainer.qml
7ab973dad356f9724cc0dd7ad7807b266e998436	.local/share/bite-os/rices/ilyamiro/.config/hypr/scripts/quickshell/TopBar.qml
7ac2dc50f7e84f35fdae8d884b7d4c6beaae1c4c	.config/quickshell/caelestia/modules/controlcenter/network/VpnDetails.qml
7ac2dc50f7e84f35fdae8d884b7d4c6beaae1c4c	.local/share/bite-os/rices/caelestia/.config/quickshell/caelestia/modules/controlcenter/network/VpnDetails.qml
7b3afd1e37504efd96aaafdfa401c6e25780e510	.config/quickshell/caelestia/modules/lock/NotifGroup.qml
7b3afd1e37504efd96aaafdfa401c6e25780e510	.local/share/bite-os/rices/caelestia/.config/quickshell/caelestia/modules/lock/NotifGroup.qml
7b5e809d767fd720896f54df10e2b955c5676630	.config/hypr/scripts/quickshell/guide/GuidePopup.qml
7b5e809d767fd720896f54df10e2b955c5676630	.local/share/bite-os/rices/caelestia/.config/hypr/scripts/quickshell/guide/GuidePopup.qml
7b5e809d767fd720896f54df10e2b955c5676630	.local/share/bite-os/rices/ilyamiro/.config/hypr/scripts/quickshell/guide/GuidePopup.qml
7bda9378a5fdea0e73d1203c021d2b6c24c0be60	.config/hypr/scripts/glitch-mode.sh
7bda9378a5fdea0e73d1203c021d2b6c24c0be60	.local/share/bite-os/rices/caelestia/.config/hypr/scripts/glitch-mode.sh
7be4ecaf6191435cd5d87a1ee4d991bf6122cbbc	.local/share/bite-os/rices/serpantinum/.local/share/serpantinum/src/assets/themes/Rose Pine.json
7bf97c280f5b98e09f7e83c6dc2c678d7901e9ec	.config/quickshell/caelestia/assets/shaders/opacitymask.frag.qsb
7bf97c280f5b98e09f7e83c6dc2c678d7901e9ec	.local/share/bite-os/rices/caelestia/.config/quickshell/caelestia/assets/shaders/opacitymask.frag.qsb
7c0e7d1ee8644df6de5b90374b1f6a5489b46db5	.config/quickshell/caelestia/modules/nexus/Nexus.qml
7c0e7d1ee8644df6de5b90374b1f6a5489b46db5	.local/share/bite-os/rices/caelestia/.config/quickshell/caelestia/modules/nexus/Nexus.qml
7c1c871b9740a2f8dd43f4bc49cec93cc03c41d2	.config/hypr/scripts/quickshell/TopBar.qml
7c1c871b9740a2f8dd43f4bc49cec93cc03c41d2	.config/quickshell/ilyamiro-shell/TopBar.qml
7c1c871b9740a2f8dd43f4bc49cec93cc03c41d2	.local/share/bite-os/rices/caelestia/.config/hypr/scripts/quickshell/TopBar.qml
7c1c871b9740a2f8dd43f4bc49cec93cc03c41d2	.local/share/bite-os/rices/caelestia/.config/quickshell/ilyamiro-shell/TopBar.qml
7c1c871b9740a2f8dd43f4bc49cec93cc03c41d2	.local/share/bite-os/rices/ilyamiro/.config/hypr/scripts/quickshell/TopBar.qml
7c580b86a17af4c106c7b45eb518df443f29922d	.local/share/bite-os/rices/serpantinum/.local/share/serpantinum/src/assets/fonts/BlexMonoNerdFont-Light.ttf
7c973c244b6bcfb90cde6905e535ab94b544369a	.config/quickshell/caelestia/components/controls/CustomMouseArea.qml
7c973c244b6bcfb90cde6905e535ab94b544369a	.local/share/bite-os/rices/caelestia/.config/quickshell/caelestia/components/controls/CustomMouseArea.qml
7cd41e17f5f4f3a163ca522f2efe17d82ed448a8	.config/quickshell/caelestia/components/Logo.qml
7cd41e17f5f4f3a163ca522f2efe17d82ed448a8	.local/share/bite-os/rices/caelestia/.config/quickshell/caelestia/components/Logo.qml
7cea1a66d979b58541eee2d209b0aa02051efa25	.local/share/bite-os/rices/serpantinum/.local/share/serpantinum/src/assets/sounds/network/connect.wav
7d2ed7c702057c90027b0e18808d3ea3c60d35c6	.local/share/bite-os/rices/serpantinum/.local/share/serpantinum/src/version.txt
7d2ed7c702057c90027b0e18808d3ea3c60d35c6	.local/share/bite-os/rices/serpantinum/.local/share/serpantinum/version.txt
7d87dfc17fe388ce08f0d34ede7bbc895b1d177f	.config/quickshell/caelestia/modules/lock/weather/BriefInfo.qml
7d87dfc17fe388ce08f0d34ede7bbc895b1d177f	.local/share/bite-os/rices/caelestia/.config/quickshell/caelestia/modules/lock/weather/BriefInfo.qml
7db368748fbab496dca4299554502d258768312f	.config/hypr/scripts/wall-thumbs.sh
7db368748fbab496dca4299554502d258768312f	.local/share/bite-os/rices/caelestia/.config/hypr/scripts/wall-thumbs.sh
7dbd2dbe6e0d1ec4c6af9d7c0b805ad66478b444	.config/quickshell/caelestia/modules/controlcenter/appearance/sections/BorderSection.qml
7dbd2dbe6e0d1ec4c6af9d7c0b805ad66478b444	.local/share/bite-os/rices/caelestia/.config/quickshell/caelestia/modules/controlcenter/appearance/sections/BorderSection.qml
7dc26695332575e5d4d2fb519d5c3d2d4459c752	.local/share/bite-os/rices/serpantinum/.local/share/serpantinum/src/quickshell/bar/sidemodules/system/SideBatWidget.qml
7e03ea22df442bc427faeaba7b6ec42f4461ca8a	.local/share/bite-os/rices/caelestia/.config/caelestia/hypr-user.conf
7e086bc368d11668e9eb3b3b1ff8f64baa53869a	.config/quickshell/caelestia/modules/launcher/WallpaperList.qml
7e086bc368d11668e9eb3b3b1ff8f64baa53869a	.local/share/bite-os/rices/caelestia/.config/quickshell/caelestia/modules/launcher/WallpaperList.qml
7e596291ac911de2c22968a1d05eb1761ba251aa	.local/share/bite-os/rices/serpantinum/.local/share/serpantinum/src/quickshell/bar/modules/system/SysMonWidget.qml
7e956316dd36e9a9d93f11f962b45ba221e8d2a8	.config/quickshell/ilyamiro-shell/monitors/MonitorPopup.qml
7e956316dd36e9a9d93f11f962b45ba221e8d2a8	.local/share/bite-os/rices/caelestia/.config/quickshell/ilyamiro-shell/monitors/MonitorPopup.qml
7ec19090c7feec0e4501ced34c71fde3d29e4eaa	.config/quickshell/caelestia/components/ScreenState.qml
7ec19090c7feec0e4501ced34c71fde3d29e4eaa	.local/share/bite-os/rices/caelestia/.config/quickshell/caelestia/components/ScreenState.qml
7ecee28fc57e9a51ed42eb409fea7e367a0f2a59	.local/share/bite-os/rices/serpantinum/.local/share/serpantinum/src/quickshell/guide/wellbeing/get_stats.py
7ed30247337ad2d3486d0c2274cbc79e83c04dd3	.config/glitch/bin/dots-switch.sh
7ee35c29b5d15cee26c99df813d8c6845d0fb141	.config/quickshell/caelestia/modules/windowinfo/WindowInfo.qml
7ee35c29b5d15cee26c99df813d8c6845d0fb141	.local/share/bite-os/rices/caelestia/.config/quickshell/caelestia/modules/windowinfo/WindowInfo.qml
7effc7d33c749a63aed37de7e97071e607284838	.local/share/bite-os/rices/ilyamiro/.config/hypr/settings.json
7f753b857f2b2f532e63d99c24cc728f6fc67692	.local/share/bite-os/rices/serpantinum/.local/share/serpantinum/src/quickshell/guide/LauncherTab.qml
7fbf23c8d644914adbcc0c152261519698f45fb8	.local/share/bite-os/rices/serpantinum/.local/share/serpantinum/src/assets/themes/Tokyo Storm.json
7fe4373892ff41a9f973fac8d7df070f54c10ef3	.config/quickshell/caelestia/modules/utilities/Content.qml
7fe4373892ff41a9f973fac8d7df070f54c10ef3	.local/share/bite-os/rices/caelestia/.config/quickshell/caelestia/modules/utilities/Content.qml
7fe7b84830a774c23aa0817d8960cc0c1d42b004	.config/hypr/config/keybindings.conf
8018ea8a2650f3cccbc23b861c438b4676ce915d	.config/quickshell/caelestia/services/Wallpapers.qml
8018ea8a2650f3cccbc23b861c438b4676ce915d	.local/share/bite-os/rices/caelestia/.config/quickshell/caelestia/services/Wallpapers.qml
80480ef13a93477f2df6131f6da4c0c7ae4f8ccf	.local/share/bite-os/rices/serpantinum/.local/share/serpantinum/src/assets/themes/Platinum.json
8051020ae2e47521060857c61f2595fe93562d96	.config/quickshell/caelestia/services/Weather.qml
8051020ae2e47521060857c61f2595fe93562d96	.local/share/bite-os/rices/caelestia/.config/quickshell/caelestia/services/Weather.qml
80739c8f15d1a06b436de96d49a56bdb14d516b5	.config/quickshell/caelestia/modules/launcher/items/AppItem.qml
80739c8f15d1a06b436de96d49a56bdb14d516b5	.local/share/bite-os/rices/caelestia/.config/quickshell/caelestia/modules/launcher/items/AppItem.qml
80ea8fe8d5fac390e70d6ed8a61e8f8774b30188	.config/quickshell/caelestia/components/controls/CollapsibleSection.qml
80ea8fe8d5fac390e70d6ed8a61e8f8774b30188	.local/share/bite-os/rices/caelestia/.config/quickshell/caelestia/components/controls/CollapsibleSection.qml
81463b8d838bcde51b51a5804424098f8403cfcb	.config/quickshell/caelestia/modules/ConfigToasts.qml
81463b8d838bcde51b51a5804424098f8403cfcb	.local/share/bite-os/rices/caelestia/.config/quickshell/caelestia/modules/ConfigToasts.qml
814dc862650fa98f1a745b987fc3993af19a2ee9	.config/quickshell/caelestia/modules/nexus/pages/panels/taskbar/BarWorkspaces.qml
814dc862650fa98f1a745b987fc3993af19a2ee9	.local/share/bite-os/rices/caelestia/.config/quickshell/caelestia/modules/nexus/pages/panels/taskbar/BarWorkspaces.qml
818b5e289239beebbbf29a4650b3dcca39789f8d	.local/share/bite-os/rices/serpantinum/.local/share/serpantinum/src/assets/themes/Heliodor.json
8192a555821ea5e2282d01266cccfb7c99291d1a	.local/share/bite-os/rices/serpantinum/.local/share/serpantinum/src/assets/fonts/OpenDyslexicNerdFont-Regular.otf
819cafc7d3af3b7255907574b641456fa9ebf637	.local/share/bite-os/rices/serpantinum/.local/share/serpantinum/src/quickshell/popouts/PopoutManager.qml
8296f7ce30078913e4eb71c7f5133d180dd4dd15	.config/quickshell/caelestia/modules/bar/components/StatusIcons.qml
8296f7ce30078913e4eb71c7f5133d180dd4dd15	.local/share/bite-os/rices/caelestia/.config/quickshell/caelestia/modules/bar/components/StatusIcons.qml
82acc5ddc19030222b964fd49a46d4f7ba7e2cf4	.local/share/bite-os/rices/serpantinum/.local/share/serpantinum/src/quickshell/wallpaper/WallpaperEngine.qml
82be1dc8a2731c12078ade8de0823524b968464a	.local/share/bite-os/rices/serpantinum/.config/cava/colors
82bee151cb1e8edbf91858d0848aecae2f1df02e	.config/quickshell/caelestia/modules/dashboard/dash/DateTime.qml
82bee151cb1e8edbf91858d0848aecae2f1df02e	.local/share/bite-os/rices/caelestia/.config/quickshell/caelestia/modules/dashboard/dash/DateTime.qml
8308f98121ce157be4e28d2a8e69fef0b7f77526	.config/quickshell/caelestia/modules/BatteryMonitor.qml
8308f98121ce157be4e28d2a8e69fef0b7f77526	.local/share/bite-os/rices/caelestia/.config/quickshell/caelestia/modules/BatteryMonitor.qml
8331813d9087b36d5768ea82b460202430afd597	.config/quickshell/caelestia/utils/NetworkConnection.qml
8331813d9087b36d5768ea82b460202430afd597	.local/share/bite-os/rices/caelestia/.config/quickshell/caelestia/utils/NetworkConnection.qml
836e55949cf3e4801d6aedd6133080c101d8c0de	.config/hypr/templates/env.conf.template
836e55949cf3e4801d6aedd6133080c101d8c0de	.local/share/bite-os/rices/caelestia/.config/hypr/templates/env.conf.template
836e55949cf3e4801d6aedd6133080c101d8c0de	.local/share/bite-os/rices/ilyamiro/.config/hypr/templates/env.conf.template
836e55949cf3e4801d6aedd6133080c101d8c0de	.local/share/bite-os/rices/serpantinum/.config/hypr/templates/env.conf.template
83b2767639347bea7d45d8daad07f90b2d63cde0	.local/share/bite-os/rices/serpantinum/.config/serpantinum/settings.json
83cb4a922295fe4cbd8e9b04905881b32fcb6fde	.config/quickshell/caelestia/components/filedialog/CurrentItem.qml
83cb4a922295fe4cbd8e9b04905881b32fcb6fde	.local/share/bite-os/rices/caelestia/.config/quickshell/caelestia/components/filedialog/CurrentItem.qml
83cbbbf5a7f75801b31810d20ace05cbd8584d3d	.local/share/bite-os/rices/serpantinum/.local/state/serpantinum/version
83ef23aa42865df892218f1d3871e52af730bad7	.local/share/bite-os/rices/serpantinum/.local/share/serpantinum/src/assets/sounds/reusables/switch/sfx.wav
83f272d2271c17ade8b4cda6363d7dfc777cd3eb	.config/quickshell/caelestia/assets/google-sans-flex/GoogleSansFlex-VariableFont_GRAD,ROND,opsz,slnt,wdth,wght.ttf
83f272d2271c17ade8b4cda6363d7dfc777cd3eb	.local/share/bite-os/rices/caelestia/.config/quickshell/caelestia/assets/google-sans-flex/GoogleSansFlex-VariableFont_GRAD,ROND,opsz,slnt,wdth,wght.ttf
84488f3bb20d64cc4285eac88b8d6eda87fd72a9	.config/quickshell/caelestia/components/controls/TextFieldBase.qml
84488f3bb20d64cc4285eac88b8d6eda87fd72a9	.local/share/bite-os/rices/caelestia/.config/quickshell/caelestia/components/controls/TextFieldBase.qml
84672fea2b2b8b9cb5200ee6b314c947dd0543b3	.config/quickshell/caelestia/services/ShellState.qml
84672fea2b2b8b9cb5200ee6b314c947dd0543b3	.local/share/bite-os/rices/caelestia/.config/quickshell/caelestia/services/ShellState.qml
847779edac116993337a3a456df54a2a5e7e44a7	.config/quickshell/caelestia/utils/scripts/lrcparser.js
847779edac116993337a3a456df54a2a5e7e44a7	.local/share/bite-os/rices/caelestia/.config/quickshell/caelestia/utils/scripts/lrcparser.js
849ca53e0ad9b39e05f0664d0f0f4edbb4b15b0b	.local/share/bite-os/rices/serpantinum/.local/share/serpantinum/src/assets/fonts/BitcountPropSingle-Regular.ttf
84e842b752b8cb9efbb91b7ea1bb9e96e65cde14	.local/share/bite-os/rices/serpantinum/.local/share/serpantinum/src/assets/fonts/ArimoNerdFont-Regular.ttf
8503c8893a61369e39e0e5b96807ba7b57d5faa7	.config/quickshell/caelestia/components/controls/LoadingIndicator.qml
8503c8893a61369e39e0e5b96807ba7b57d5faa7	.local/share/bite-os/rices/caelestia/.config/quickshell/caelestia/components/controls/LoadingIndicator.qml
8523b9b1eabdb165b6b0c8ce67455c23ce9bc108	.config/quickshell/caelestia/modules/dashboard/media/BackgroundShapes.qml
8523b9b1eabdb165b6b0c8ce67455c23ce9bc108	.local/share/bite-os/rices/caelestia/.config/quickshell/caelestia/modules/dashboard/media/BackgroundShapes.qml
85351d828b10c252cba102028034cba5a399a3c2	.config/hypr/scripts/quickshell/battery/BatteryPopupAlt.qml
85351d828b10c252cba102028034cba5a399a3c2	.local/share/bite-os/rices/caelestia/.config/hypr/scripts/quickshell/battery/BatteryPopupAlt.qml
85351d828b10c252cba102028034cba5a399a3c2	.local/share/bite-os/rices/ilyamiro/.config/hypr/scripts/quickshell/battery/BatteryPopupAlt.qml
85351d828b10c252cba102028034cba5a399a3c2	.local/share/bite-os/rices/serpantinum/.config/hypr/scripts/quickshell/battery/BatteryPopupAlt.qml
857e892db10564bd4d2f98a834988dbd5c423696	.config/quickshell/ilyamiro-shell/Config.qml
857e892db10564bd4d2f98a834988dbd5c423696	.local/share/bite-os/rices/caelestia/.config/quickshell/ilyamiro-shell/Config.qml
85a920c132f904ace2dcd8e16708ee962747fd7a	.config/quickshell/caelestia/modules/bar/components/Tray.qml
85a920c132f904ace2dcd8e16708ee962747fd7a	.local/share/bite-os/rices/caelestia/.config/quickshell/caelestia/modules/bar/components/Tray.qml
85e29f83eb0f289beec89c95d43ef387871dccb0	.config/glitch/bin/dots-switch.sh
85f00a230febc7a8db59b0cf0ecb91f1ab3cc1c1	.config/quickshell/caelestia/modules/sidebar/Notif.qml
85f00a230febc7a8db59b0cf0ecb91f1ab3cc1c1	.local/share/bite-os/rices/caelestia/.config/quickshell/caelestia/modules/sidebar/Notif.qml
8602a94df057507001b2495a48d89a40eaf27d46	.local/share/bite-os/rices/serpantinum/.local/share/serpantinum/src/assets/themes/Onyx.json
8610f218e4bc1f1a756fb77a726c8214a0fdaffb	.config/quickshell/caelestia/modules/controlcenter/dots/DotsPane.qml
8610f218e4bc1f1a756fb77a726c8214a0fdaffb	.local/share/bite-os/rices/caelestia/.config/quickshell/caelestia/modules/controlcenter/dots/DotsPane.qml
870a6012e891f2e387fbeb27752fcabc2981aa4d	.config/hypr/scripts/quickshell/guide/previews/preview_volume.png
870a6012e891f2e387fbeb27752fcabc2981aa4d	.config/quickshell/ilyamiro-shell/guide/previews/preview_volume.png
870a6012e891f2e387fbeb27752fcabc2981aa4d	.local/share/bite-os/rices/caelestia/.config/hypr/scripts/quickshell/guide/previews/preview_volume.png
870a6012e891f2e387fbeb27752fcabc2981aa4d	.local/share/bite-os/rices/caelestia/.config/quickshell/ilyamiro-shell/guide/previews/preview_volume.png
870a6012e891f2e387fbeb27752fcabc2981aa4d	.local/share/bite-os/rices/ilyamiro/.config/hypr/scripts/quickshell/guide/previews/preview_volume.png
870a6012e891f2e387fbeb27752fcabc2981aa4d	.local/share/bite-os/rices/serpantinum/.config/hypr/scripts/quickshell/guide/previews/preview_volume.png
874c512efdabef4e58804bac0a8f91fb2d92a9c3	.config/hypr/scripts/quickshell/watchers/network_fetch.sh
874c512efdabef4e58804bac0a8f91fb2d92a9c3	.config/quickshell/ilyamiro-shell/watchers/network_fetch.sh
874c512efdabef4e58804bac0a8f91fb2d92a9c3	.local/share/bite-os/rices/caelestia/.config/hypr/scripts/quickshell/watchers/network_fetch.sh
874c512efdabef4e58804bac0a8f91fb2d92a9c3	.local/share/bite-os/rices/caelestia/.config/quickshell/ilyamiro-shell/watchers/network_fetch.sh
874c512efdabef4e58804bac0a8f91fb2d92a9c3	.local/share/bite-os/rices/ilyamiro/.config/hypr/scripts/quickshell/watchers/network_fetch.sh
874c512efdabef4e58804bac0a8f91fb2d92a9c3	.local/share/bite-os/rices/serpantinum/.config/hypr/scripts/quickshell/watchers/network_fetch.sh
8791cf09d60920da1d08d19d71b21a723f5e3eaf	.config/hypr/scripts/quickshell/network/wifi_panel_logic.sh
8791cf09d60920da1d08d19d71b21a723f5e3eaf	.config/quickshell/ilyamiro-shell/network/wifi_panel_logic.sh
8791cf09d60920da1d08d19d71b21a723f5e3eaf	.local/share/bite-os/rices/caelestia/.config/hypr/scripts/quickshell/network/wifi_panel_logic.sh
8791cf09d60920da1d08d19d71b21a723f5e3eaf	.local/share/bite-os/rices/caelestia/.config/quickshell/ilyamiro-shell/network/wifi_panel_logic.sh
8791cf09d60920da1d08d19d71b21a723f5e3eaf	.local/share/bite-os/rices/ilyamiro/.config/hypr/scripts/quickshell/network/wifi_panel_logic.sh
8791cf09d60920da1d08d19d71b21a723f5e3eaf	.local/share/bite-os/rices/serpantinum/.config/hypr/scripts/quickshell/network/wifi_panel_logic.sh
87bbee99bc5def8cbc3e4ec86aa3ec2f9631c1cc	.config/hypr/scripts/glitch-popup-loop.sh
87bbee99bc5def8cbc3e4ec86aa3ec2f9631c1cc	.local/share/bite-os/rices/caelestia/.config/hypr/scripts/glitch-popup-loop.sh
87c3e73e018614bf49671c804015d662e966a812	.local/share/bite-os/rices/serpantinum/.local/share/serpantinum/src/assets/themes/Quartz.json
87da8a9dfbcded5cb6dae798287a56233f19a70d	.config/foot/foot.ini.glitch
87da8a9dfbcded5cb6dae798287a56233f19a70d	.local/share/bite-os/rices/caelestia/.config/foot/foot.ini.glitch
87f8a3b8ed862d8166baab89466976681dd014fc	.local/share/bite-os/rices/serpantinum/.local/share/serpantinum/src/assets/languages/ko.json
881cedb302acfc7bc0987c8ab2cbbfe41cd2c35d	.config/quickshell/caelestia/modules/lock/Media.qml
881cedb302acfc7bc0987c8ab2cbbfe41cd2c35d	.local/share/bite-os/rices/caelestia/.config/quickshell/caelestia/modules/lock/Media.qml
887588f1d3dddd1a762eba337f699e83a6390b91	.config/quickshell/caelestia/modules/nexus/pages/AudioPage.qml
887588f1d3dddd1a762eba337f699e83a6390b91	.local/share/bite-os/rices/caelestia/.config/quickshell/caelestia/modules/nexus/pages/AudioPage.qml
8886e6636e780b61b444ae62c6977121acee8370	.config/hypr/scripts/quickshell/volume/VolumePopup.qml
8886e6636e780b61b444ae62c6977121acee8370	.config/quickshell/ilyamiro-shell/volume/VolumePopup.qml
8886e6636e780b61b444ae62c6977121acee8370	.local/share/bite-os/rices/caelestia/.config/hypr/scripts/quickshell/volume/VolumePopup.qml
8886e6636e780b61b444ae62c6977121acee8370	.local/share/bite-os/rices/caelestia/.config/quickshell/ilyamiro-shell/volume/VolumePopup.qml
8886e6636e780b61b444ae62c6977121acee8370	.local/share/bite-os/rices/ilyamiro/.config/hypr/scripts/quickshell/volume/VolumePopup.qml
8886e6636e780b61b444ae62c6977121acee8370	.local/share/bite-os/rices/serpantinum/.config/hypr/scripts/quickshell/volume/VolumePopup.qml
888e4c10654840ca4da53af2441f2396360300b2	.config/quickshell/caelestia/assets/shaders/fade.frag.qsb
888e4c10654840ca4da53af2441f2396360300b2	.local/share/bite-os/rices/caelestia/.config/quickshell/caelestia/assets/shaders/fade.frag.qsb
88bbf70937fdc6ec8db777702d361f309ceb3a6b	.local/share/bite-os/rices/serpantinum/.local/share/serpantinum/src/scripts/location.sh
892d6d64a51d28b1776c9f8d06e8a48c0a1ef97a	.local/share/bite-os/rices/serpantinum/.local/share/serpantinum/src/quickshell/popouts/Osd.qml
893c9554b49095e5737b75c2b99acb9c90ca6122	.config/quickshell/caelestia/services/Players.qml
893c9554b49095e5737b75c2b99acb9c90ca6122	.local/share/bite-os/rices/caelestia/.config/quickshell/caelestia/services/Players.qml
8950939defa267c6bb5205d1965b1107f788b0fe	.config/quickshell/caelestia/components/containers/VerticalFadeListView.qml
8950939defa267c6bb5205d1965b1107f788b0fe	.local/share/bite-os/rices/caelestia/.config/quickshell/caelestia/components/containers/VerticalFadeListView.qml
8956b80578b5f5bdc860aec2ca210cc39edbb51f	.config/quickshell/caelestia/modules/launcher/Wrapper.qml
8956b80578b5f5bdc860aec2ca210cc39edbb51f	.local/share/bite-os/rices/caelestia/.config/quickshell/caelestia/modules/launcher/Wrapper.qml
898f69a41561936d6d9eb9d5cd338ddf3e3bb194	.config/quickshell/caelestia/modules/dashboard/dash/Resources.qml
898f69a41561936d6d9eb9d5cd338ddf3e3bb194	.local/share/bite-os/rices/caelestia/.config/quickshell/caelestia/modules/dashboard/dash/Resources.qml
89bbf6b645e1573cec19cd8309441b8528894ba9	.local/share/bite-os/rices/serpantinum/.local/share/serpantinum/src/assets/sounds/start/background.wav
89d7ce5fbaeea03277441d2a31e30240f0cf93be	.config/quickshell/caelestia/modules/dashboard/media/LyricsAndSelector.qml
89d7ce5fbaeea03277441d2a31e30240f0cf93be	.local/share/bite-os/rices/caelestia/.config/quickshell/caelestia/modules/dashboard/media/LyricsAndSelector.qml
8a4c332df43d14e0cf37e3443bece130a9a3412d	.local/share/bite-os/rices/serpantinum/.local/share/serpantinum/src/scripts/system/poweroff.sh
8abde92a0b441936d42517454a47206884748826	.local/share/bite-os/rices/serpantinum/.local/share/serpantinum/src/quickshell/guide/GuidePopup.qml
8acf381462123aef5b71da1e9824a1e603220f1a	.config/glitch/plymouth/glitch-os/fangs.png
8ad00145e90a2a7c468291e98be13b95f5cf5fa6	.config/quickshell/caelestia/services/Recorder.qml
8ad00145e90a2a7c468291e98be13b95f5cf5fa6	.local/share/bite-os/rices/caelestia/.config/quickshell/caelestia/services/Recorder.qml
8b284599b5ed159fca2d4930ff1d764b59d8b81b	.local/share/bite-os/rices/serpantinum/.local/share/serpantinum/src/assets/pushy2.gif
8b569e9a917153bd1f36f98c964bd99ee4346300	.local/share/bite-os/rices/serpantinum/.local/share/serpantinum/src/quickshell/reusables/Dropdown.qml
8b5a4401ea631e256bc90fd81a680e9270e9e190	.config/quickshell/caelestia/components/containers/StyledListView.qml
8b5a4401ea631e256bc90fd81a680e9270e9e190	.local/share/bite-os/rices/caelestia/.config/quickshell/caelestia/components/containers/StyledListView.qml
8b6f2b0f44d0652abe5aef51524bd6d2eed82556	.local/share/bite-os/rices/serpantinum/.local/share/serpantinum/src/quickshell/widgets/faces/MatrixGlitchFace.qml
8b84a888f9360e854102192e96e9b1d4dce74622	.local/share/bite-os/rices/serpantinum/.local/share/serpantinum/src/scripts/system/suspend.sh
8b992d3c62fce3836051e7efa8f0742f4ccad03f	.local/share/bite-os/rices/serpantinum/.local/share/serpantinum/src/assets/themes/Cyberpunk.json
8bb77591df2331636118afb3c8d8c2f33db1aa93	.config/hypr/scripts/quickshell/guide/GuidePopup.qml
8bb77591df2331636118afb3c8d8c2f33db1aa93	.local/share/bite-os/rices/caelestia/.config/hypr/scripts/quickshell/guide/GuidePopup.qml
8bb77591df2331636118afb3c8d8c2f33db1aa93	.local/share/bite-os/rices/ilyamiro/.config/hypr/scripts/quickshell/guide/GuidePopup.qml
8bba1eb720312942e0de2e34b005c182bd548aac	.local/share/bite-os/rices/serpantinum/.local/share/serpantinum/src/quickshell/wallpaper/WallpaperPicker.qml
8bbbc250ee2d1a58f35037c9bda56a33aefe2b47	.local/share/bite-os/rices/serpantinum/.local/share/serpantinum/src/quickshell/singletons/system/Config.qml
8bc4468ace5ce48fb18c7b583e6b8880225a148e	.config/quickshell/caelestia/components/Anim.qml
8bc4468ace5ce48fb18c7b583e6b8880225a148e	.local/share/bite-os/rices/caelestia/.config/quickshell/caelestia/components/Anim.qml
8bc69cc9d0f8b213631831d16f240d33ec874f67	.local/share/bite-os/rices/serpantinum/.local/share/serpantinum/src/quickshell/guide/GuidePopup.qml
8c1ed9faacc3e815cc4e7ca47739fc5aa2c0bcdd	.config/fish/functions/fish_greeting.fish
8c294eb38b91cb8c5e6d372bb796caeb9cc6f5b5	.config/quickshell/caelestia/modules/utilities/cards/Toggles.qml
8c294eb38b91cb8c5e6d372bb796caeb9cc6f5b5	.local/share/bite-os/rices/caelestia/.config/quickshell/caelestia/modules/utilities/cards/Toggles.qml
8c2c5c5983993fe3c3d9ffd1c04d41f08218ac69	.local/share/bite-os/rices/serpantinum/.local/share/serpantinum/src/quickshell/widgets/faces/RiceCompactFace.qml
8c986ebd437b1c1e2b46b98a1bbb9098e69af818	.local/share/bite-os/rices/serpantinum/.local/share/serpantinum/src/quickshell/popouts/Osd.qml
8cc2df9d39fb744110dc7ef47ccfcc7d02feb49a	.config/quickshell/caelestia/modules/background/Wallpaper.qml
8cc2df9d39fb744110dc7ef47ccfcc7d02feb49a	.local/share/bite-os/rices/caelestia/.config/quickshell/caelestia/modules/background/Wallpaper.qml
8cd493f406efb6d9b7acf6b65e0b164eb6d842fe	.config/quickshell/caelestia/modules/controlcenter/components/ReadonlySlider.qml
8cd493f406efb6d9b7acf6b65e0b164eb6d842fe	.local/share/bite-os/rices/caelestia/.config/quickshell/caelestia/modules/controlcenter/components/ReadonlySlider.qml
8cfe3f8da3df34f6a22a50ab3f9a85169880752c	.config/quickshell/caelestia/components/controls/StyledScrollBar.qml
8cfe3f8da3df34f6a22a50ab3f9a85169880752c	.local/share/bite-os/rices/caelestia/.config/quickshell/caelestia/components/controls/StyledScrollBar.qml
8d0e1b0f6f371c9be63cb4f4a04f6795c5b2f82d	.local/share/bite-os/rices/serpantinum/.local/share/serpantinum/src/quickshell/guide/display/DisplayMainTab.qml
8d2b1591926c8828c0d898727931579ef9a4e21f	.config/glitch/icons/Slogo-original.png
8d3b58b7d0edac949f38cc0376db6a023dd0825d	.local/share/bite-os/rices/serpantinum/.local/share/serpantinum/src/scripts/location_manual.sh
8d5a82ce894dd6abd3deb247bf12b2ee5850df16	.config/hypr/scripts/quickshell/wallpaper/WallpaperPicker.qml
8d5a82ce894dd6abd3deb247bf12b2ee5850df16	.local/share/bite-os/rices/caelestia/.config/hypr/scripts/quickshell/wallpaper/WallpaperPicker.qml
8d5a82ce894dd6abd3deb247bf12b2ee5850df16	.local/share/bite-os/rices/caelestia/.config/quickshell/ilyamiro-shell/wallpaper/WallpaperPicker.qml
8d5a82ce894dd6abd3deb247bf12b2ee5850df16	.local/share/bite-os/rices/caelestia/.config/quickshell/ilyamiro-shell/wallpaper/WallpaperPicker.qml.bak-preopt
8d5a82ce894dd6abd3deb247bf12b2ee5850df16	.local/share/bite-os/rices/ilyamiro/.config/hypr/scripts/quickshell/wallpaper/WallpaperPicker.qml
8d6782248881cbb7e1ac529bf3e514835ecdbae4	.config/quickshell/caelestia/modules/nexus/pages/panels/SidebarPanel.qml
8d6782248881cbb7e1ac529bf3e514835ecdbae4	.local/share/bite-os/rices/caelestia/.config/quickshell/caelestia/modules/nexus/pages/panels/SidebarPanel.qml
8e24ac2cb5ca7acc68e297acb1bbe14ac036bc59	.config/quickshell/caelestia/modules/sidebar/Wrapper.qml
8e24ac2cb5ca7acc68e297acb1bbe14ac036bc59	.local/share/bite-os/rices/caelestia/.config/quickshell/caelestia/modules/sidebar/Wrapper.qml
8e625034e7f58d35b03e940a0490a6fa4b052405	.config/quickshell/caelestia/components/effects/OpacityMask.qml
8e625034e7f58d35b03e940a0490a6fa4b052405	.local/share/bite-os/rices/caelestia/.config/quickshell/caelestia/components/effects/OpacityMask.qml
8e8744b0b28f9ce3e7db28c09438e236554e7da3	.config/quickshell/caelestia/modules/nexus/NexusState.qml
8e8744b0b28f9ce3e7db28c09438e236554e7da3	.local/share/bite-os/rices/caelestia/.config/quickshell/caelestia/modules/nexus/NexusState.qml
8e958fff992d807053b04b9083b30075a2fee185	.local/share/bite-os/rices/serpantinum/.local/share/serpantinum/src/assets/themes/Night Owl.json
8eb9eb947a9b76f3e82d4a5c6202e9bc2aa6721b	.config/hypr/hyprland/group.conf
8eb9eb947a9b76f3e82d4a5c6202e9bc2aa6721b	.local/share/bite-os/rices/caelestia/.config/hypr/hyprland/group.conf
8ecbeb0bb243a593a0726d7d08c9a136ab885a62	.config/quickshell/caelestia/components/controls/StyledProgressBar.qml
8ecbeb0bb243a593a0726d7d08c9a136ab885a62	.local/share/bite-os/rices/caelestia/.config/quickshell/caelestia/components/controls/StyledProgressBar.qml
8f09a4b7da7508f107ef389db7d68004d6cf7b1f	.local/share/bite-os/rices/serpantinum/.local/share/serpantinum/src/quickshell/singletons/system/SysNotif.qml
8f159b5aed9fe5417f09dc62eb034acf8ce6d7fe	.local/share/bite-os/rices/serpantinum/.local/share/serpantinum/src/quickshell/watchers/kb_locks.sh
8f36a4ca58760d2026685f7aa5d1dd4a07b1b9d6	.config/quickshell/caelestia/modules/nexus/pages/audio/AppVolumes.qml
8f36a4ca58760d2026685f7aa5d1dd4a07b1b9d6	.local/share/bite-os/rices/caelestia/.config/quickshell/caelestia/modules/nexus/pages/audio/AppVolumes.qml
8f4b20a767855b1ff69f2bfc7aed4ff92773d0d8	.config/quickshell/caelestia/components/controls/SearchBar.qml
8f4b20a767855b1ff69f2bfc7aed4ff92773d0d8	.local/share/bite-os/rices/caelestia/.config/quickshell/caelestia/components/controls/SearchBar.qml
8f63c018fd5ff364abf6c85b5b61a51e369e7fb5	.local/share/bite-os/rices/serpantinum/.local/share/serpantinum/src/quickshell/quickactions/actions/qmldir
908b0d40ea18aa5b6a479c7a111ac37c108538ec	.local/share/bite-os/rices/serpantinum/.local/share/serpantinum/src/assets/themes/Malachite.json
909b691aab45892989e455bb179983b8007576e8	.local/share/bite-os/rices/serpantinum/.local/share/serpantinum/src/quickshell/watchers/sys_fetcher.sh
909ce584b873f2e6b6a422d6e264f7d67557ad0e	.local/share/bite-os/rices/serpantinum/.local/share/serpantinum/src/quickshell/bar/modules/MediaWidget.qml
90bda6ea8c3bf63fe321bdc12f1992c8fae0cf08	.config/quickshell/caelestia/modules/sidebar/NotifDock.qml
90bda6ea8c3bf63fe321bdc12f1992c8fae0cf08	.local/share/bite-os/rices/caelestia/.config/quickshell/caelestia/modules/sidebar/NotifDock.qml
90dd2bc2068a85fb0df4560b8a35ae545cf66965	.config/quickshell/caelestia/components/filedialog/FileDialog.qml
90dd2bc2068a85fb0df4560b8a35ae545cf66965	.local/share/bite-os/rices/caelestia/.config/quickshell/caelestia/components/filedialog/FileDialog.qml
90fd4bf1a906500089b4497380c6c71289fdb8ee	.config/matugen/templates/kitty-colors.conf.template
90fd4bf1a906500089b4497380c6c71289fdb8ee	.local/share/bite-os/rices/caelestia/.config/matugen/templates/kitty-colors.conf.template
90fd4bf1a906500089b4497380c6c71289fdb8ee	.local/share/bite-os/rices/ilyamiro/.config/matugen/templates/kitty-colors.conf.template
90fd4bf1a906500089b4497380c6c71289fdb8ee	.local/share/bite-os/rices/serpantinum/.config/matugen/templates/kitty-colors.conf.template
9139df2139fe1158c4802735c31f2610f7f312fe	.local/share/bite-os/rices/serpantinum/.local/share/serpantinum/src/assets/sounds/start/transition_serp.wav
918cdf68b1c3fa6def05d901633edf0a8771a5f1	.local/share/bite-os/rices/serpantinum/.local/share/serpantinum/src/quickshell/reusables/LoaderIcon.qml
919e8350e93208da45c5f8d282209be42c6b1101	.config/glitch/bin/dots-switch.sh
91fdeaf09e2dce3c307f556fddc07057d7705962	.config/matugen/templates/websites/github.css.template
91fdeaf09e2dce3c307f556fddc07057d7705962	.local/share/bite-os/rices/caelestia/.config/matugen/templates/websites/github.css.template
91fdeaf09e2dce3c307f556fddc07057d7705962	.local/share/bite-os/rices/ilyamiro/.config/matugen/templates/websites/github.css.template
91fdeaf09e2dce3c307f556fddc07057d7705962	.local/share/bite-os/rices/serpantinum/.config/matugen/templates/websites/github.css.template
92085845c63c91cdc67502a03919d88d9063912e	.config/quickshell/caelestia/modules/nexus/pages/panels/taskbar/BarStatusIcons.qml
92085845c63c91cdc67502a03919d88d9063912e	.local/share/bite-os/rices/caelestia/.config/quickshell/caelestia/modules/nexus/pages/panels/taskbar/BarStatusIcons.qml
922b51dbc95dcdef3c62ebc446e0822a702a1252	.config/quickshell/caelestia/services/Colours.qml
922b51dbc95dcdef3c62ebc446e0822a702a1252	.local/share/bite-os/rices/caelestia/.config/quickshell/caelestia/services/Colours.qml
92438775282045462778e1581655a13e51e694b2	.local/share/bite-os/rices/serpantinum/.local/share/serpantinum/src/quickshell/singletons/theme/Matugen.qml
9252f36351c8c0539e12ee8b85930e35cf4ae4b9	.local/share/bite-os/rices/serpantinum/.local/share/serpantinum/src/quickshell/reusables/Draggable.qml
92a345606533d626a0bd05a5d9451ff2ac343fc9	.local/share/bite-os/rices/serpantinum/.local/share/serpantinum/src/assets/fonts/DejaVuSansMNerdFont-Regular.ttf
92b7a78c9f5a77be5f9fe89d384647ca88934260	.local/share/bite-os/rices/serpantinum/.local/share/serpantinum/src/quickshell/network/NetworkPopup.qml
92cdd888d9c983ea26c8bfa342bbbb51f1ca39cc	.config/hypr/scripts/wallpaper.sh
92cdd888d9c983ea26c8bfa342bbbb51f1ca39cc	.local/share/bite-os/rices/caelestia/.config/hypr/scripts/wallpaper.sh
93d68937dbce1bcd1320b843fbc6be369a3bb5c4	.config/quickshell/caelestia/modules/utilities/toasts/ToastItem.qml
93d68937dbce1bcd1320b843fbc6be369a3bb5c4	.local/share/bite-os/rices/caelestia/.config/quickshell/caelestia/modules/utilities/toasts/ToastItem.qml
93daed09654b2956908830ca99a5d1a4e5957ca5	.config/quickshell/caelestia/modules/bar/components/status/BatteryStatus.qml
93daed09654b2956908830ca99a5d1a4e5957ca5	.local/share/bite-os/rices/caelestia/.config/quickshell/caelestia/modules/bar/components/status/BatteryStatus.qml
93edc34b41c9ffb4dbd0cd4e14d9d7b7e5a96c83	.config/cava/config
93edc34b41c9ffb4dbd0cd4e14d9d7b7e5a96c83	.local/share/bite-os/rices/ilyamiro/.config/cava/config
94308fff7e613df8ad7a02b9ba2c1601db4c43c1	.config/quickshell/caelestia/utils/scripts/fuzzysort.js
94308fff7e613df8ad7a02b9ba2c1601db4c43c1	.local/share/bite-os/rices/caelestia/.config/quickshell/caelestia/utils/scripts/fuzzysort.js
9434c450a36c4561da85943e78fabb4e4d0fd4ae	.local/share/bite-os/rices/serpantinum/.local/share/serpantinum/src/quickshell/guide/display/DisplayMainTab.qml
94832b20662049aa12ba706381862eae7571bb59	.config/quickshell/caelestia/modules/lock/Pam.qml
94832b20662049aa12ba706381862eae7571bb59	.local/share/bite-os/rices/caelestia/.config/quickshell/caelestia/modules/lock/Pam.qml
94a80b8a99ca27be8aa1dc506772490a8d7b7269	.config/quickshell/caelestia/assets/shaders/opacitymask.frag
94a80b8a99ca27be8aa1dc506772490a8d7b7269	.local/share/bite-os/rices/caelestia/.config/quickshell/caelestia/assets/shaders/opacitymask.frag
94d1a1c4d4778b45b7ff431fdc4904e505e559a5	.config/quickshell/caelestia/modules/bar/components/OsIcon.qml
94d1a1c4d4778b45b7ff431fdc4904e505e559a5	.local/share/bite-os/rices/caelestia/.config/quickshell/caelestia/modules/bar/components/OsIcon.qml
94d76ff86ec8ce58c8c90bf1e91d2f1f64617eb4	.config/quickshell/caelestia/components/controls/TextButton.qml
94d76ff86ec8ce58c8c90bf1e91d2f1f64617eb4	.local/share/bite-os/rices/caelestia/.config/quickshell/caelestia/components/controls/TextButton.qml
9501e33313fe2bf5fbae86836faf84f98bcdfdf0	.config/quickshell/caelestia/modules/nexus/Pages.qml
9501e33313fe2bf5fbae86836faf84f98bcdfdf0	.local/share/bite-os/rices/caelestia/.config/quickshell/caelestia/modules/nexus/Pages.qml
9504a302822dd78e24636c01de0d7fa49a6dfbea	.config/glitch/bin/glitch-fetch.sh
9516954a68c29e29d3fd54a406343f4a6bbb395b	.local/share/bite-os/rices/serpantinum/.local/share/serpantinum/src/quickshell/reusables/CanvasIconButton.qml
95305de279430a091ac4919795c8045595fbea6b	.config/quickshell/caelestia/modules/lock/Fetch.qml
95305de279430a091ac4919795c8045595fbea6b	.local/share/bite-os/rices/caelestia/.config/quickshell/caelestia/modules/lock/Fetch.qml
958d90e6b518d2a498f48a58991fac90de28c325	.config/quickshell/caelestia/modules/utilities/Wrapper.qml
958d90e6b518d2a498f48a58991fac90de28c325	.local/share/bite-os/rices/caelestia/.config/quickshell/caelestia/modules/utilities/Wrapper.qml
95d2a08a74fb6f36100a6c00a1b1b3a63255943d	.config/quickshell/caelestia/modules/dashboard/Content.qml
95d2a08a74fb6f36100a6c00a1b1b3a63255943d	.local/share/bite-os/rices/caelestia/.config/quickshell/caelestia/modules/dashboard/Content.qml
963c805d9da84d817841f668ea93009914ac0488	.config/fastfetch/config.jsonc
963e8b9463416929451336084eb9a9658d7a6ade	.config/quickshell/caelestia/modules/dashboard/performance/MemoryCard.qml
963e8b9463416929451336084eb9a9658d7a6ade	.local/share/bite-os/rices/caelestia/.config/quickshell/caelestia/modules/dashboard/performance/MemoryCard.qml
966365221ec2e38296f5a07d860eecf2b001807a	.local/share/bite-os/rices/serpantinum/.local/share/serpantinum/src/quickshell/bar/modules/system/SysMonWidget.qml
9668f59ffaf447fabae2b463bb4039d8070e9dd5	.config/quickshell/caelestia/modules/nexus/pages/LanguageAndRegion.qml
9668f59ffaf447fabae2b463bb4039d8070e9dd5	.local/share/bite-os/rices/caelestia/.config/quickshell/caelestia/modules/nexus/pages/LanguageAndRegion.qml
9718a7ac495dcc6e42dc406d1943067bcac3642d	.config/hypr/scripts/quickshell/guide/previews/preview_calendar.png
9718a7ac495dcc6e42dc406d1943067bcac3642d	.config/quickshell/ilyamiro-shell/guide/previews/preview_calendar.png
9718a7ac495dcc6e42dc406d1943067bcac3642d	.local/share/bite-os/rices/caelestia/.config/hypr/scripts/quickshell/guide/previews/preview_calendar.png
9718a7ac495dcc6e42dc406d1943067bcac3642d	.local/share/bite-os/rices/caelestia/.config/quickshell/ilyamiro-shell/guide/previews/preview_calendar.png
9718a7ac495dcc6e42dc406d1943067bcac3642d	.local/share/bite-os/rices/ilyamiro/.config/hypr/scripts/quickshell/guide/previews/preview_calendar.png
9718a7ac495dcc6e42dc406d1943067bcac3642d	.local/share/bite-os/rices/serpantinum/.config/hypr/scripts/quickshell/guide/previews/preview_calendar.png
9729a97411d4a9611458b90e663e2597ce21ce3f	.config/glitch/bin/blend-toggle.sh
973994af3a83a3782a1abef105495d48721ef7ef	.local/share/applications/bite-os-update.desktop
97417e9cf5cd6ab5087b5eb1535f8a0a704d133a	.config/quickshell/caelestia/modules/notifications/Wrapper.qml
97417e9cf5cd6ab5087b5eb1535f8a0a704d133a	.local/share/bite-os/rices/caelestia/.config/quickshell/caelestia/modules/notifications/Wrapper.qml
9757164c99ea637957887d343f1162e3b0c4a907	.config/qt5ct/qt5ct.conf
9757164c99ea637957887d343f1162e3b0c4a907	.config/qt6ct/qt6ct.conf
9757164c99ea637957887d343f1162e3b0c4a907	.local/share/bite-os/rices/caelestia/.config/qt5ct/qt5ct.conf
9757164c99ea637957887d343f1162e3b0c4a907	.local/share/bite-os/rices/caelestia/.config/qt6ct/qt6ct.conf
9757164c99ea637957887d343f1162e3b0c4a907	.local/share/bite-os/rices/ilyamiro/.config/qt5ct/qt5ct.conf
9757164c99ea637957887d343f1162e3b0c4a907	.local/share/bite-os/rices/ilyamiro/.config/qt6ct/qt6ct.conf
97a842c3726b299219dd91be9db67a7734e5c0df	.config/rofi/default.nix
97a842c3726b299219dd91be9db67a7734e5c0df	.local/share/bite-os/rices/caelestia/.config/rofi/default.nix
97a84dba2bc9572d93aad788c97210afc1c3b8ba	.local/share/bite-os/rices/serpantinum/.local/share/serpantinum/src/quickshell/guide/notifications/NotificationsTab.qml
97ad5dff7dfd0444eba92d809c7923a64465fa3d	.config/hypr/scripts/quickshell/Config.qml
97ad5dff7dfd0444eba92d809c7923a64465fa3d	.local/share/bite-os/rices/caelestia/.config/hypr/scripts/quickshell/Config.qml
97ad5dff7dfd0444eba92d809c7923a64465fa3d	.local/share/bite-os/rices/ilyamiro/.config/hypr/scripts/quickshell/Config.qml
97ad5dff7dfd0444eba92d809c7923a64465fa3d	.local/share/bite-os/rices/serpantinum/.config/hypr/scripts/quickshell/Config.qml
97c33c73804975fa02b9634d13b6d96c8ac82724	.config/hypr/scripts/reload.sh
97c33c73804975fa02b9634d13b6d96c8ac82724	.local/share/bite-os/rices/caelestia/.config/hypr/scripts/reload.sh
97c33c73804975fa02b9634d13b6d96c8ac82724	.local/share/bite-os/rices/ilyamiro/.config/hypr/scripts/reload.sh
97c33c73804975fa02b9634d13b6d96c8ac82724	.local/share/bite-os/rices/serpantinum/.config/hypr/scripts/reload.sh
97d85887469be469e06fd239e401e571e27a7723	.local/share/bite-os/rices/serpantinum/.local/share/serpantinum/src/scripts/system/reboot.sh
97f6448a5763bc4c74864cbcb1938fbcafd836f1	.config/quickshell/caelestia/utils/Paths.qml
97f6448a5763bc4c74864cbcb1938fbcafd836f1	.local/share/bite-os/rices/caelestia/.config/quickshell/caelestia/utils/Paths.qml
980f185c15bbcd5bd7e79aba251749cb6978b449	.local/share/bite-os/rices/serpantinum/.local/share/serpantinum/src/quickshell/widgets/faces/WeatherFaceCompact.qml
9813bfb9c8a9c49d93d55aabd81f19011e7c0c58	.config/hypr/scripts/wallpaper-guard.sh
9813bfb9c8a9c49d93d55aabd81f19011e7c0c58	.local/share/bite-os/rices/caelestia/.config/hypr/scripts/wallpaper-guard.sh
98182d8869092bbfc44d11aae64d959564c03230	.config/hypr/templates/keybinds.conf.template
98182d8869092bbfc44d11aae64d959564c03230	.local/share/bite-os/rices/caelestia/.config/hypr/templates/keybinds.conf.template
98182d8869092bbfc44d11aae64d959564c03230	.local/share/bite-os/rices/ilyamiro/.config/hypr/templates/keybinds.conf.template
98182d8869092bbfc44d11aae64d959564c03230	.local/share/bite-os/rices/serpantinum/.config/hypr/templates/keybinds.conf.template
9824b454044af40b3b49c646647eed69e340521c	.config/glitch/bin/glitch-update.sh
982f18daed0fac1f328d18f064014a054c3d2212	.config/quickshell/caelestia/components/controls/StyledSwitch.qml
982f18daed0fac1f328d18f064014a054c3d2212	.local/share/bite-os/rices/caelestia/.config/quickshell/caelestia/components/controls/StyledSwitch.qml
983b0ff2c6125f921013077f84b402fb7685d805	.config/hypr/scripts/keybind-edit.sh
983b0ff2c6125f921013077f84b402fb7685d805	.local/share/bite-os/rices/serpantinum/.config/hypr/scripts/keybind-edit.sh
9893f11e40e31af8619d92ef95fcbbdf9cbc0b18	.local/share/bite-os/rices/serpantinum/.local/share/serpantinum/src/assets/themes/Opal.json
98b98cf1be63c6dd0bfa026cb1b1a4b716c98df3	.config/quickshell/caelestia/modules/nexus/common/StepperRow.qml
98b98cf1be63c6dd0bfa026cb1b1a4b716c98df3	.local/share/bite-os/rices/caelestia/.config/quickshell/caelestia/modules/nexus/common/StepperRow.qml
98d1bf3ec534b1aa57baf5f5485b8fe3092d116b	.config/quickshell/caelestia/components/controls/SplitButton.qml
98d1bf3ec534b1aa57baf5f5485b8fe3092d116b	.local/share/bite-os/rices/caelestia/.config/quickshell/caelestia/components/controls/SplitButton.qml
9914673e7df62126b14d8413fad370d3b79a90de	.local/share/bite-os/rices/serpantinum/.local/share/serpantinum/src/quickshell/media/MusicPopup.qml
993bbaa407fe09f07b5cba4f8e93ff5a25475c5c	.local/share/bite-os/rices/serpantinum/.local/share/serpantinum/src/quickshell/bar/TopBar.qml
994817619fa09b576672b51ad703a5a5dae9644e	.local/share/bite-os/rices/serpantinum/.local/share/serpantinum/src/assets/themes/Aventurine.json
994bc55a32f1f4840d900dafd23a05c7668e7cb2	.local/share/bite-os/rices/serpantinum/.local/share/serpantinum/src/quickshell/widgets/faces/BiteWidgetConfig.qml
995a093c775e0dfad2b32256cf8af2add812b5f6	.config/quickshell/caelestia/utils/scripts/fzf.js
995a093c775e0dfad2b32256cf8af2add812b5f6	.local/share/bite-os/rices/caelestia/.config/quickshell/caelestia/utils/scripts/fzf.js
997852197cdfeb3e79d3b10c5311ec75dd047c98	.config/quickshell/caelestia/modules/bar/popouts/ClipWrapper.qml
997852197cdfeb3e79d3b10c5311ec75dd047c98	.local/share/bite-os/rices/caelestia/.config/quickshell/caelestia/modules/bar/popouts/ClipWrapper.qml
998c7125a65e5138840969076afb6edcbb0effe5	.config/quickshell/caelestia/modules/dashboard/dash/SmallWeather.qml
998c7125a65e5138840969076afb6edcbb0effe5	.local/share/bite-os/rices/caelestia/.config/quickshell/caelestia/modules/dashboard/dash/SmallWeather.qml
99b2806fdf9023af0e452032526fb1817caaf05c	.local/share/bite-os/rices/serpantinum/.local/share/serpantinum/src/quickshell/quickactions/actions/SystemUsage.qml
9a41dad081111efda385a506d82517a1f1b5c385	.local/share/bite-os/rices/serpantinum/.local/share/serpantinum/src/assets/fonts/AurulentSansMNerdFont-Regular.otf
9a6cd04b7a19e4a0bc00cb8c7a2a1ff6d4145e6e	.config/quickshell/caelestia/modules/nexus/common/ToggleRow.qml
9a6cd04b7a19e4a0bc00cb8c7a2a1ff6d4145e6e	.local/share/bite-os/rices/caelestia/.config/quickshell/caelestia/modules/nexus/common/ToggleRow.qml
9a720a4cd22a812f642262fd4eb1aa5a23cf5f4a	.config/glitch/bin/glitch-fetch.sh
9a7ca9df83e74f3d71be805491fad1333d92c4f5	.config/glitch/bin/blend-toggle.sh
9afb980e27296b301e4929b38d58857be2d0dd55	.local/share/bite-os/rices/serpantinum/.local/share/serpantinum/src/assets/sounds/musicpopup/swoosh.wav
9b16bfe59054f796d66d4a0074ffc7355463e92e	.config/quickshell/caelestia/modules/controlcenter/state/BluetoothState.qml
9b16bfe59054f796d66d4a0074ffc7355463e92e	.local/share/bite-os/rices/caelestia/.config/quickshell/caelestia/modules/controlcenter/state/BluetoothState.qml
9b1c65a2d5201496ca2f22b6df08710b4ee9a235	.config/glitch/icons/icon.png
9b1c65a2d5201496ca2f22b6df08710b4ee9a235	.config/glitch/logos/biteos_icon.png
9b1c65a2d5201496ca2f22b6df08710b4ee9a235	.local/share/bite-os/splash/assets/teeth.png
9b1c65a2d5201496ca2f22b6df08710b4ee9a235	.local/share/bite-os/splash/uploads/icon.png
9b57df516897a17d8f66ad6fd65e69763422d9a1	.local/share/bite-os/rices/serpantinum/.local/share/serpantinum/src/quickshell/bar/sidemodules/SideInfoWidget.qml
9b7e46a71a8ca53da9ed642be83416c834702197	.local/share/bite-os/rices/serpantinum/.local/share/serpantinum/src/assets/fonts/BitcountPropSingle_Roman-Bold.ttf
9b8822c5a12fbfde4a43b0b048c71649313eae33	.config/quickshell/caelestia/components/effects/Elevation.qml
9b8822c5a12fbfde4a43b0b048c71649313eae33	.local/share/bite-os/rices/caelestia/.config/quickshell/caelestia/components/effects/Elevation.qml
9bbcf1f76155691f786c57db2c0a7c697374dc11	.config/quickshell/caelestia/components/misc/CustomShortcut.qml
9bbcf1f76155691f786c57db2c0a7c697374dc11	.local/share/bite-os/rices/caelestia/.config/quickshell/caelestia/components/misc/CustomShortcut.qml
9bc7354e3ad1702a85a08dea067bb2871bce689a	.local/share/bite-os/rices/serpantinum/.local/share/serpantinum/src/assets/fonts/ComicMono.ttf
9c1c770cd1c3d26b3ce71998d170f33abf793937	.local/share/bite-os/rices/serpantinum/.local/share/serpantinum/src/quickshell/widgets/faces/ProcTopFace.qml
9c30bf7a89533a884548db0bf5e9117d62081673	.config/quickshell/caelestia/services/Weather.qml
9c30bf7a89533a884548db0bf5e9117d62081673	.local/share/bite-os/rices/caelestia/.config/quickshell/caelestia/services/Weather.qml
9c45097a90dbec12210b3ac4f5aa1d201bcb8075	.config/hypr/scripts/mpvpaper-autopause.sh
9c45097a90dbec12210b3ac4f5aa1d201bcb8075	.local/share/bite-os/rices/caelestia/.config/hypr/scripts/mpvpaper-autopause.sh
9c7b7820013ae346f6c67e4b47cfa06f256e9fa0	.config/quickshell/caelestia/modules/background/Background.qml
9c7b7820013ae346f6c67e4b47cfa06f256e9fa0	.local/share/bite-os/rices/caelestia/.config/quickshell/caelestia/modules/background/Background.qml
9caffc876512f9338f9a3965fdc21bd674573b10	.local/share/bite-os/rices/serpantinum/.local/share/serpantinum/src/assets/matugen/templates/serpantinum_matugen_colors.json.template
9cdf0e7bba76032e3212a85180ed994f0ec3cb3c	.local/share/bite-os/rices/serpantinum/.local/share/serpantinum/src/quickshell/guide/general/GeneralTab.qml
9ce3b7dbb3da7b8e62616b58092d832268022ac9	.config/quickshell/caelestia/modules/lock/center/InputField.qml
9ce3b7dbb3da7b8e62616b58092d832268022ac9	.local/share/bite-os/rices/caelestia/.config/quickshell/caelestia/modules/lock/center/InputField.qml
9d6b5de94a6e9cbd51644863f8b6b3e5ad996d95	.config/hypr/scripts/spaceship-choose.sh
9d6b5de94a6e9cbd51644863f8b6b3e5ad996d95	.local/share/bite-os/rices/caelestia/.config/hypr/scripts/spaceship-choose.sh
9d747a738546930ef6732c4380a9ea345266c01f	.config/hypr/scripts/wallpaper-restore.sh
9d747a738546930ef6732c4380a9ea345266c01f	.local/share/bite-os/rices/caelestia/.config/hypr/scripts/wallpaper-restore.sh
9d747a738546930ef6732c4380a9ea345266c01f	.local/share/bite-os/rices/ilyamiro/.config/hypr/scripts/wallpaper-restore.sh
9d747a738546930ef6732c4380a9ea345266c01f	.local/share/bite-os/rices/serpantinum/.config/hypr/scripts/wallpaper-restore.sh
9d8008abb5b57c1412b05aaf05409d55afaace4c	.config/hypr/scripts/quickshell/watchers/sys_fetcher.sh
9d8008abb5b57c1412b05aaf05409d55afaace4c	.config/quickshell/ilyamiro-shell/watchers/sys_fetcher.sh
9d8008abb5b57c1412b05aaf05409d55afaace4c	.local/share/bite-os/rices/caelestia/.config/hypr/scripts/quickshell/watchers/sys_fetcher.sh
9d8008abb5b57c1412b05aaf05409d55afaace4c	.local/share/bite-os/rices/caelestia/.config/quickshell/ilyamiro-shell/watchers/sys_fetcher.sh
9d8008abb5b57c1412b05aaf05409d55afaace4c	.local/share/bite-os/rices/ilyamiro/.config/hypr/scripts/quickshell/watchers/sys_fetcher.sh
9d8008abb5b57c1412b05aaf05409d55afaace4c	.local/share/bite-os/rices/serpantinum/.config/hypr/scripts/quickshell/watchers/sys_fetcher.sh
9d918d7f1bc303bb88fae09a4a06cb59df4c4b84	.config/matugen/templates/hyprland.conf.template
9d918d7f1bc303bb88fae09a4a06cb59df4c4b84	.local/share/bite-os/rices/caelestia/.config/matugen/templates/hyprland.conf.template
9db82886f1ede5430ed34697f0ed8f26ce8ae156	.config/hypr/hyprland/env.conf
9db82886f1ede5430ed34697f0ed8f26ce8ae156	.local/share/bite-os/rices/caelestia/.config/hypr/hyprland/env.conf
9e0962dad83127e198f4ba4200cca584c050c01c	.config/quickshell/caelestia/components/effects/Elevation.qml
9e0962dad83127e198f4ba4200cca584c050c01c	.local/share/bite-os/rices/caelestia/.config/quickshell/caelestia/components/effects/Elevation.qml
9e6160c224eb5d9967656f99471b581af057c7bd	.config/quickshell/caelestia/modules/utilities/Wrapper.qml
9e6160c224eb5d9967656f99471b581af057c7bd	.local/share/bite-os/rices/caelestia/.config/quickshell/caelestia/modules/utilities/Wrapper.qml
9e8bf70f3bf1f08d4698bc773cf2f4e5db16dfa0	.local/share/bite-os/rices/.active
9e8bf70f3bf1f08d4698bc773cf2f4e5db16dfa0	.local/state/bite-os/active-shell
9e9cc0f1af1a8be6eea2c765db636b6ca06516ea	.local/share/bite-os/rices/serpantinum/.local/share/serpantinum/src/assets/matugen/templates/cava-colors.ini.template
9eb1bcfa6824e3dcbf96fb99ec304437edbbf1e9	.local/share/bite-os/rices/serpantinum/.config/hypr/colors.conf
9ee415910f9b50ebbe9e6d0865c18bfe2ecd0236	.config/quickshell/caelestia/modules/nexus/common/TextFieldRow.qml
9ee415910f9b50ebbe9e6d0865c18bfe2ecd0236	.local/share/bite-os/rices/caelestia/.config/quickshell/caelestia/modules/nexus/common/TextFieldRow.qml
9ee79676975a5611baf5988f3f1047576d1cd841	.config/quickshell/caelestia/modules/Shortcuts.qml
9ee79676975a5611baf5988f3f1047576d1cd841	.local/share/bite-os/rices/caelestia/.config/quickshell/caelestia/modules/Shortcuts.qml
9f0b762ab9ff85ea855f19aba5809aa06fa6d27d	.local/share/bite-os/rices/serpantinum/.local/share/serpantinum/src/assets/themes/Carbonfox.json
9f556b3a4b147dc3e5c91cdd53f6944340bb5e0a	.config/quickshell/caelestia/services/IdleInhibitor.qml
9f556b3a4b147dc3e5c91cdd53f6944340bb5e0a	.local/share/bite-os/rices/caelestia/.config/quickshell/caelestia/services/IdleInhibitor.qml
9f6e2eec13e6d4643eca0a8163522f3244995007	.local/share/bite-os/rices/serpantinum/.local/share/serpantinum/src/quickshell/syspanel/SystemPanel.qml
9fd84d5d7f6454cea05aee7cedb6b29e33a85b95	.local/share/bite-os/rices/serpantinum/.local/share/serpantinum/src/quickshell/reusables/PasswordInput.qml
a00a79428657b9f283e49ad7f09fd9ec08a9e59e	.config/quickshell/ilyamiro-shell/calendar/schedule/get_schedule.py
a00a79428657b9f283e49ad7f09fd9ec08a9e59e	.local/share/bite-os/rices/caelestia/.config/quickshell/ilyamiro-shell/calendar/schedule/get_schedule.py
a0166c3fe3865951435b9164179a9401728364fe	.local/share/bite-os/rices/serpantinum/.local/share/serpantinum/src/scripts/i18n.sh
a02597fdb684a5d004ca787df5a39c2e6da11814	.config/quickshell/caelestia/modules/nexus/pages/panels/taskbar/BarTray.qml
a02597fdb684a5d004ca787df5a39c2e6da11814	.local/share/bite-os/rices/caelestia/.config/quickshell/caelestia/modules/nexus/pages/panels/taskbar/BarTray.qml
a03bae7799e98f460056f33968196d799642e820	.local/share/bite-os/rices/serpantinum/.local/share/serpantinum/src/quickshell/guide/LauncherTab.qml
a050f2a6872d6ead8f1fd2df61e01ded69bf506f	.config/hypr/hyprland/rules.conf
a050f2a6872d6ead8f1fd2df61e01ded69bf506f	.local/share/bite-os/rices/caelestia/.config/hypr/hyprland/rules.conf
a06f8dc9a2bd2afea08f932673b44dbccd6a9f7b	.config/quickshell/caelestia/modules/nexus/pages/BluetoothPage.qml
a06f8dc9a2bd2afea08f932673b44dbccd6a9f7b	.local/share/bite-os/rices/caelestia/.config/quickshell/caelestia/modules/nexus/pages/BluetoothPage.qml
a0908b31d2e243642a00aa7504f1a0b9574e26c0	.local/share/bite-os/rices/serpantinum/.local/share/serpantinum/src/quickshell/qmldir
a0d3f929e5257b5209d7b00a1a78c702fbffc880	.config/hypr/scripts/quickshell/quickactions/SystemUsage.qml
a0d3f929e5257b5209d7b00a1a78c702fbffc880	.config/quickshell/ilyamiro-shell/quickactions/SystemUsage.qml
a0d3f929e5257b5209d7b00a1a78c702fbffc880	.local/share/bite-os/rices/caelestia/.config/hypr/scripts/quickshell/quickactions/SystemUsage.qml
a0d3f929e5257b5209d7b00a1a78c702fbffc880	.local/share/bite-os/rices/caelestia/.config/quickshell/ilyamiro-shell/quickactions/SystemUsage.qml
a0d3f929e5257b5209d7b00a1a78c702fbffc880	.local/share/bite-os/rices/ilyamiro/.config/hypr/scripts/quickshell/quickactions/SystemUsage.qml
a0d3f929e5257b5209d7b00a1a78c702fbffc880	.local/share/bite-os/rices/serpantinum/.config/hypr/scripts/quickshell/quickactions/SystemUsage.qml
a0db3addc441aeb60247f17c2ea9d9de39803fc8	.config/quickshell/caelestia/modules/nexus/pages/network/AddNetworkPage.qml
a0db3addc441aeb60247f17c2ea9d9de39803fc8	.local/share/bite-os/rices/caelestia/.config/quickshell/caelestia/modules/nexus/pages/network/AddNetworkPage.qml
a0ec101b3af6e2427ff33df5f661083ee9c7a559	.config/quickshell/caelestia/modules/utilities/cards/RecordingList.qml
a0ec101b3af6e2427ff33df5f661083ee9c7a559	.local/share/bite-os/rices/caelestia/.config/quickshell/caelestia/modules/utilities/cards/RecordingList.qml
a10847a78b3ed4cce2361a17a062512473e3847a	.local/share/bite-os/rices/serpantinum/.local/share/serpantinum/src/assets/matugen/config.toml
a11c088842b4b09795d2362dc525cdcb76c74ada	.local/share/bite-os/rices/serpantinum/.local/state/serpantinum/widgets/eDP-1/layout.json
a11ed49d7b4733cee1b0fc949fe2fbc5b6b0e60f	.local/share/bite-os/rices/serpantinum/.local/share/serpantinum/src/assets/themes/PaperColor Light.json
a126c800914ecd4917a7b86306d3bb0ae669f382	.config/quickshell/caelestia/modules/controlcenter/NavRail.qml
a126c800914ecd4917a7b86306d3bb0ae669f382	.local/share/bite-os/rices/caelestia/.config/quickshell/caelestia/modules/controlcenter/NavRail.qml
a12711b1b55b62bc243d200d98ff5bfb700a1743	.config/quickshell/caelestia/components/controls/StyledRadioButton.qml
a12711b1b55b62bc243d200d98ff5bfb700a1743	.local/share/bite-os/rices/caelestia/.config/quickshell/caelestia/components/controls/StyledRadioButton.qml
a1a62d57370ff193725d06c3768c4806506be871	.config/hypr/scripts/__pycache__/mpvpaper-autopause.cpython-314.pyc
a1a62d57370ff193725d06c3768c4806506be871	.local/share/bite-os/rices/caelestia/.config/hypr/scripts/__pycache__/mpvpaper-autopause.cpython-314.pyc
a2109c040cb2defded26ba1dafc89250635d8b80	.config/quickshell/caelestia/modules/launcher/AppList.qml
a2109c040cb2defded26ba1dafc89250635d8b80	.local/share/bite-os/rices/caelestia/.config/quickshell/caelestia/modules/launcher/AppList.qml
a21f730721eb85a2deb93a41768ec824a68d96a1	.local/share/bite-os/rices/serpantinum/.local/share/serpantinum/src/quickshell/bar/modules/system/SysMonWidget.qml
a26573a4f3ba3626b36c4ceb977867f49d9f3761	.local/share/bite-os/rices/serpantinum/.local/share/serpantinum/src/quickshell/guide/general/GeneralTab.qml
a2ed060e7fedf6c86e5e983f4067bcca660058c6	.config/quickshell/caelestia/modules/bar/Bar.qml
a2ed060e7fedf6c86e5e983f4067bcca660058c6	.local/share/bite-os/rices/caelestia/.config/quickshell/caelestia/modules/bar/Bar.qml
a2f466ccd935643fd3443c69c20537bfc1da9e01	.config/quickshell/caelestia/modules/launcher/items/SchemeItem.qml
a2f466ccd935643fd3443c69c20537bfc1da9e01	.local/share/bite-os/rices/caelestia/.config/quickshell/caelestia/modules/launcher/items/SchemeItem.qml
a2f94a4bfd286df24b2479da2eb022ac099f1397	.config/matugen/templates/qt-style.qss.template
a2f94a4bfd286df24b2479da2eb022ac099f1397	.local/share/bite-os/rices/caelestia/.config/matugen/templates/qt-style.qss.template
a2f94a4bfd286df24b2479da2eb022ac099f1397	.local/share/bite-os/rices/ilyamiro/.config/matugen/templates/qt-style.qss.template
a2f94a4bfd286df24b2479da2eb022ac099f1397	.local/share/bite-os/rices/serpantinum/.config/matugen/templates/qt-style.qss.template
a34c341aacc728e95d2778d186e4be87c1a250c4	.config/hypr/settings.json
a362cf6377e5c3528d6890b7c87a0154a0f52150	.local/share/bite-os/rices/serpantinum/.local/share/serpantinum/src/scripts/wallpaper/trigger_search.sh
a375036031c9da0140893fabe4b0fddb647aba50	.local/share/bite-os/rices/serpantinum/.local/share/serpantinum/src/quickshell/launcher/app_rank.py
a397863b57c402c3c65d47dad9786ccd5b4952ca	.config/quickshell/caelestia/components/images/FadeImage.qml
a397863b57c402c3c65d47dad9786ccd5b4952ca	.local/share/bite-os/rices/caelestia/.config/quickshell/caelestia/components/images/FadeImage.qml
a3e039edc82767d4cfa870a4d3c536052eb36dda	.config/quickshell/caelestia/modules/windowinfo/WindowInfo.qml
a3e039edc82767d4cfa870a4d3c536052eb36dda	.local/share/bite-os/rices/caelestia/.config/quickshell/caelestia/modules/windowinfo/WindowInfo.qml
a3ef4ddc6c58fd907220cb822bb0c3a24c593d2e	.config/quickshell/caelestia/components/AnimLoader.qml
a3ef4ddc6c58fd907220cb822bb0c3a24c593d2e	.local/share/bite-os/rices/caelestia/.config/quickshell/caelestia/components/AnimLoader.qml
a40af032b87e571835572ce06b4284a0577b1e55	.local/share/bite-os/rices/serpantinum/.local/share/serpantinum/src/quickshell/Main.qml
a419588cdb3ab5e3b72bd864b69acdcbf4814c13	.local/share/bite-os/rices/serpantinum/.local/share/serpantinum/src/assets/themes/One Dark.json
a4546fd53976aca03b8eeb4086f1cd999b5c9277	.config/quickshell/caelestia/modules/bar/components/OsIcon.qml
a4546fd53976aca03b8eeb4086f1cd999b5c9277	.local/share/bite-os/rices/caelestia/.config/quickshell/caelestia/modules/bar/components/OsIcon.qml
a480887fdde2b6caa0ad7fee7b9b1f4af666d50b	.config/quickshell/caelestia/services/Nmcli.qml
a480887fdde2b6caa0ad7fee7b9b1f4af666d50b	.local/share/bite-os/rices/caelestia/.config/quickshell/caelestia/services/Nmcli.qml
a4d6a6769a2bbb128879b748d1006cf90ab70ca5	.config/quickshell/caelestia/modules/drawers/ContentWindow.qml
a4d6a6769a2bbb128879b748d1006cf90ab70ca5	.local/share/bite-os/rices/caelestia/.config/quickshell/caelestia/modules/drawers/ContentWindow.qml
a4dfd01e83c720afa77e4bbd05a9b38b6f2a7e7c	.config/quickshell/caelestia/modules/nexus/pages/NetworkPage.qml
a4dfd01e83c720afa77e4bbd05a9b38b6f2a7e7c	.local/share/bite-os/rices/caelestia/.config/quickshell/caelestia/modules/nexus/pages/NetworkPage.qml
a4f20e523da7708ea2fe26d4994b5dc49fee63b0	.local/share/bite-os/rices/caelestia/.config/cava/shaders/pass_through.vert
a4f20e523da7708ea2fe26d4994b5dc49fee63b0	.local/share/bite-os/rices/serpantinum/.config/cava/shaders/pass_through.vert
a501e12b4d69b3e3fb5c8824b02aeb94f97472bb	.config/quickshell/caelestia/components/controls/CircularProgress.qml
a501e12b4d69b3e3fb5c8824b02aeb94f97472bb	.local/share/bite-os/rices/caelestia/.config/quickshell/caelestia/components/controls/CircularProgress.qml
a52016cdf0c24a32c4a94b14be5c72551419ae5d	.local/share/bite-os/rices/serpantinum/.local/share/serpantinum/src/quickshell/reusables/NotificationBox.qml
a5820ff5ac53a184f8ba65523bae7a38be796ced	.local/share/bite-os/splash/index.html
a5a7ef5beb0c83066c0beb86766458da759c0a9d	.config/hypr/scripts/quickshell/TopBar.qml
a5a7ef5beb0c83066c0beb86766458da759c0a9d	.local/share/bite-os/rices/caelestia/.config/hypr/scripts/quickshell/TopBar.qml
a5a7ef5beb0c83066c0beb86766458da759c0a9d	.local/share/bite-os/rices/ilyamiro/.config/hypr/scripts/quickshell/TopBar.qml
a5a7ef5beb0c83066c0beb86766458da759c0a9d	.local/share/bite-os/rices/serpantinum/.config/hypr/scripts/quickshell/TopBar.qml
a5b8c094335594e7f68332ab62d6a089b30816cf	.config/hypr/variables.conf
a5b8c094335594e7f68332ab62d6a089b30816cf	.local/share/bite-os/rices/caelestia/.config/hypr/variables.conf
a5e2f6a3670decb5a6558d902d82f33114a83f5f	.local/share/bite-os/rices/caelestia/.config/caelestia/shell.json.pre-spaceship
a5fa3a71127f64acbf404c4af5f6399f90e31d64	.config/quickshell/caelestia/modules/nexus/common/NavRow.qml
a5fa3a71127f64acbf404c4af5f6399f90e31d64	.local/share/bite-os/rices/caelestia/.config/quickshell/caelestia/modules/nexus/common/NavRow.qml
a614e7fe4fc4b2cfa6eb0c35be472186f1472ee2	.local/share/bite-os/rices/serpantinum/.local/share/serpantinum/src/assets/sounds/start/pop_author.wav
a6777bf93fcdd25a64b6fefda5bb5ce472375512	.local/share/bite-os/rices/serpantinum/.local/share/serpantinum/src/quickshell/guide/IdleTab.qml
a6873cfcad19ac34897183cf025a095bf74abece	.local/share/bite-os/rices/serpantinum/.local/share/serpantinum/src/quickshell/widgets/faces/DedsecFace.qml
a69f32bda0d75b7502d1182bb3f97b392c4e256f	.local/share/bite-os/rices/serpantinum/.local/share/serpantinum/src/quickshell/guide/wellbeing/DigitalWellbeingTab.qml
a6cdf70d04fdf02a97a72151d239512bab713221	.config/quickshell/caelestia/assets/shaders/fade.frag
a6cdf70d04fdf02a97a72151d239512bab713221	.local/share/bite-os/rices/caelestia/.config/quickshell/caelestia/assets/shaders/fade.frag
a703c48ec4d89410aa2e9ebeae09b22fcc458f53	.local/share/bite-os/rices/serpantinum/.local/share/serpantinum/src/assets/matugen/templates/fastfetch.jsonc.template
a70e69bd21aa901f93ffa280f691cf513d13859d	.local/share/bite-os/rices/serpantinum/.local/share/serpantinum/src/assets/fonts/JetBrainsMono-SemiBold.ttf
a733d05e71191252fd7c7e61ca71ca11f79e461d	.local/share/bite-os/rices/serpantinum/.local/share/serpantinum/src/quickshell/bar/modules/system/WifiWidget.qml
a787240cfef14f0a51348eaf9923a2139d2577a4	.local/share/bite-os/rices/ilyamiro/meta.txt
a7a7dd77e14a33c4c94d280429e083bbdc58bf6d	.local/share/bite-os/rices/serpantinum/.local/share/serpantinum/src/quickshell/widgets/WidgetRegistry.qml
a7c7258b739ba49b1ebd1ca397df390172fe0586	.local/share/bite-os/rices/serpantinum/.local/share/serpantinum/src/assets/languages/pt.json
a82139aed17ffc1c53936bcfad2dce6bd30b4895	.local/share/bite-os/rices/serpantinum/.local/share/serpantinum/src/assets/themes/Topaz.json
a8576d86c79a7ba5bf179122520655c83c012413	.config/quickshell/ilyamiro-shell/WindowRegistry.js
a8576d86c79a7ba5bf179122520655c83c012413	.local/share/bite-os/rices/caelestia/.config/quickshell/ilyamiro-shell/WindowRegistry.js
a89479f9a5c0720b14eb01180f3ddef9a298c138	.config/quickshell/caelestia/modules/launcher/items/CalcItem.qml
a89479f9a5c0720b14eb01180f3ddef9a298c138	.local/share/bite-os/rices/caelestia/.config/quickshell/caelestia/modules/launcher/items/CalcItem.qml
a8d2cf15dd84c4c76264749056906e6f511807da	.config/quickshell/caelestia/components/filedialog/Sidebar.qml
a8d2cf15dd84c4c76264749056906e6f511807da	.local/share/bite-os/rices/caelestia/.config/quickshell/caelestia/components/filedialog/Sidebar.qml
a8e5e36594305a3596a3ff3feae8e2fbe64bf8fe	.config/hypr/hyprland/misc.conf
a8e5e36594305a3596a3ff3feae8e2fbe64bf8fe	.local/share/bite-os/rices/caelestia/.config/hypr/hyprland/misc.conf
a9001255e23ff4e85df94a6b368386d0c8e9caa6	.local/share/bite-os/rices/serpantinum/.local/share/serpantinum/src/assets/themes/Tourmaline.json
a91733ffc031c836d093cf6669c2a245184cb817	.config/hypr/scripts/quickshell/guide/previews/preview_monitors.png
a91733ffc031c836d093cf6669c2a245184cb817	.config/quickshell/ilyamiro-shell/guide/previews/preview_monitors.png
a91733ffc031c836d093cf6669c2a245184cb817	.local/share/bite-os/rices/caelestia/.config/hypr/scripts/quickshell/guide/previews/preview_monitors.png
a91733ffc031c836d093cf6669c2a245184cb817	.local/share/bite-os/rices/caelestia/.config/quickshell/ilyamiro-shell/guide/previews/preview_monitors.png
a91733ffc031c836d093cf6669c2a245184cb817	.local/share/bite-os/rices/ilyamiro/.config/hypr/scripts/quickshell/guide/previews/preview_monitors.png
a91733ffc031c836d093cf6669c2a245184cb817	.local/share/bite-os/rices/serpantinum/.config/hypr/scripts/quickshell/guide/previews/preview_monitors.png
a91a0c0827d9717c74bc1d1eb3693217f305c761	.config/quickshell/caelestia/utils/Strings.qml
a91a0c0827d9717c74bc1d1eb3693217f305c761	.local/share/bite-os/rices/caelestia/.config/quickshell/caelestia/utils/Strings.qml
a91c3b86fa07e54175dd024668d37fbeb5b20755	.config/hypr/scripts/launch_qs.sh
a91c3b86fa07e54175dd024668d37fbeb5b20755	.local/share/bite-os/rices/caelestia/.config/hypr/scripts/launch_qs.sh
a987d4eb91c114def0d78089f4ea10d50c16b663	.config/quickshell/caelestia/modules/lock/Center.qml
a987d4eb91c114def0d78089f4ea10d50c16b663	.local/share/bite-os/rices/caelestia/.config/quickshell/caelestia/modules/lock/Center.qml
a99f14336c2273d04dce177d8d8b667487ff6ded	.local/share/bite-os/rices/serpantinum/.local/share/serpantinum/src/scripts/wallpaper/ddg_search.sh
a9ead4e729f58581a15d1ff7de64d13b28275047	.config/hypr/templates/monitors.conf.template
a9ead4e729f58581a15d1ff7de64d13b28275047	.local/share/bite-os/rices/caelestia/.config/hypr/templates/monitors.conf.template
a9ead4e729f58581a15d1ff7de64d13b28275047	.local/share/bite-os/rices/ilyamiro/.config/hypr/templates/monitors.conf.template
a9ead4e729f58581a15d1ff7de64d13b28275047	.local/share/bite-os/rices/serpantinum/.config/hypr/templates/monitors.conf.template
aa17f5cc30685b50b512b8a7b2fd44c13e66951d	.local/share/bite-os/rices/caelestia/.config/caelestia/shell.json.bak
aa5d9b000e2351cd07932808fe38f5fd0a84bfbb	.local/share/bite-os/rices/serpantinum/.config/hypr/scripts/settings_watcher.sh
aa84535dd37ef5ee6b714903a63d1c61d11bddc8	.local/share/bite-os/rices/serpantinum/.local/share/serpantinum/src/scripts/updater.py
aa911f112ce3be6c8e3fbc4f4c764812cc014e61	.config/quickshell/caelestia/modules/controlcenter/state/VpnState.qml
aa911f112ce3be6c8e3fbc4f4c764812cc014e61	.local/share/bite-os/rices/caelestia/.config/quickshell/caelestia/modules/controlcenter/state/VpnState.qml
aab53b8bd9f04f52b177a7496622687887ad4529	.config/quickshell/caelestia/modules/controlcenter/appearance/sections/ThemeModeSection.qml
aab53b8bd9f04f52b177a7496622687887ad4529	.local/share/bite-os/rices/caelestia/.config/quickshell/caelestia/modules/controlcenter/appearance/sections/ThemeModeSection.qml
aabba12351939f3815755300626f097d9b62412c	.config/quickshell/ilyamiro-shell/calendar/schedule/shell.nix
aabba12351939f3815755300626f097d9b62412c	.local/share/bite-os/rices/caelestia/.config/quickshell/ilyamiro-shell/calendar/schedule/shell.nix
aabda13a7ad55451c6f4e68fa3b325a746026ef6	.config/quickshell/caelestia/components/controls/CircularIndicator.qml
aabda13a7ad55451c6f4e68fa3b325a746026ef6	.local/share/bite-os/rices/caelestia/.config/quickshell/caelestia/components/controls/CircularIndicator.qml
aad8f9f4032597d8f782fdf7ff7287d0f977b4a3	.config/quickshell/caelestia/modules/drawers/Drawers.qml
aad8f9f4032597d8f782fdf7ff7287d0f977b4a3	.local/share/bite-os/rices/caelestia/.config/quickshell/caelestia/modules/drawers/Drawers.qml
aaf95cafd7fefd5df5a78eb1afa14cf8e8d1dc86	.config/quickshell/caelestia/components/controls/StyledSlider.qml
aaf95cafd7fefd5df5a78eb1afa14cf8e8d1dc86	.local/share/bite-os/rices/caelestia/.config/quickshell/caelestia/components/controls/StyledSlider.qml
ab0784bd66d32e12d24efafd25a2090c2995b4d1	.config/quickshell/caelestia/modules/launcher/items/SchemeItem.qml
ab0784bd66d32e12d24efafd25a2090c2995b4d1	.local/share/bite-os/rices/caelestia/.config/quickshell/caelestia/modules/launcher/items/SchemeItem.qml
ab26d15f9b430cde03d50d9d96a8f1d766497a3a	.config/quickshell/caelestia/modules/nexus/WindowFactory.qml
ab26d15f9b430cde03d50d9d96a8f1d766497a3a	.local/share/bite-os/rices/caelestia/.config/quickshell/caelestia/modules/nexus/WindowFactory.qml
ab80d2cc9ae2736fe1f335f39b3f086cc7008bae	.config/quickshell/caelestia/modules/bar/popouts/ClipWrapper.qml
ab80d2cc9ae2736fe1f335f39b3f086cc7008bae	.local/share/bite-os/rices/caelestia/.config/quickshell/caelestia/modules/bar/popouts/ClipWrapper.qml
abad87895233a782fc4f21ec0ff6656dcfc129de	.config/hypr/scripts/launch_qs.sh
abad87895233a782fc4f21ec0ff6656dcfc129de	.local/share/bite-os/rices/caelestia/.config/hypr/scripts/launch_qs.sh
abbbae097a3ca9286ab63ad3785f38e46074d954	.config/quickshell/caelestia/modules/bar/popouts/kblayout/KbLayout.qml
abbbae097a3ca9286ab63ad3785f38e46074d954	.local/share/bite-os/rices/caelestia/.config/quickshell/caelestia/modules/bar/popouts/kblayout/KbLayout.qml
abcdcb1adb80c8a4e89f0771cbaba140358ec5c1	.config/hypr/scripts/quickshell/settings/SettingsPopup.qml
abcdcb1adb80c8a4e89f0771cbaba140358ec5c1	.local/share/bite-os/rices/caelestia/.config/hypr/scripts/quickshell/settings/SettingsPopup.qml
abcdcb1adb80c8a4e89f0771cbaba140358ec5c1	.local/share/bite-os/rices/ilyamiro/.config/hypr/scripts/quickshell/settings/SettingsPopup.qml
abd680e59091d3afb58704e0c272f4a45d0fcb30	.config/quickshell/caelestia/modules/background/Background.qml
abd680e59091d3afb58704e0c272f4a45d0fcb30	.local/share/bite-os/rices/caelestia/.config/quickshell/caelestia/modules/background/Background.qml
abd6d42ae8b0761703f5f57c7c6e8befe9a86b70	.config/hypr/config/settings.conf
abd6d42ae8b0761703f5f57c7c6e8befe9a86b70	.local/share/bite-os/rices/caelestia/.config/hypr/config/settings.conf
abd6d42ae8b0761703f5f57c7c6e8befe9a86b70	.local/share/bite-os/rices/ilyamiro/.config/hypr/config/settings.conf
abfa08304f8f514c7dd58091b160c86614a7e3fa	.local/share/bite-os/rices/serpantinum/.local/share/serpantinum/src/assets/themes/Mocha.json
ac26d27d892793550e2cac7684f04bceed9ddd21	.config/quickshell/caelestia/services/Screens.qml
ac26d27d892793550e2cac7684f04bceed9ddd21	.local/share/bite-os/rices/caelestia/.config/quickshell/caelestia/services/Screens.qml
ac34cbc1c762532c3d829e2d01c80e67c7d78781	.config/quickshell/caelestia/services/Brightness.qml
ac34cbc1c762532c3d829e2d01c80e67c7d78781	.local/share/bite-os/rices/caelestia/.config/quickshell/caelestia/services/Brightness.qml
ac76f5118d2957b0b2fc622f5f90450e99c9336a	.config/quickshell/caelestia/utils/Images.qml
ac76f5118d2957b0b2fc622f5f90450e99c9336a	.local/share/bite-os/rices/caelestia/.config/quickshell/caelestia/utils/Images.qml
ac88f9fca7ee26aace9610807754c7048b4fbacb	.config/quickshell/caelestia/modules/controlcenter/network/WirelessPasswordDialog.qml
ac88f9fca7ee26aace9610807754c7048b4fbacb	.local/share/bite-os/rices/caelestia/.config/quickshell/caelestia/modules/controlcenter/network/WirelessPasswordDialog.qml
ac99891f29f66ff6c9bc3046bc51d0710e1da8de	.local/share/bite-os/rices/serpantinum/.local/share/serpantinum/src/assets/sounds/notifications/Curious.mp3
acdab5f54bb9eb317f1e92213170196a32643ff8	.local/share/bite-os/rices/serpantinum/.local/share/serpantinum/src/quickshell/launcher/Launcher.qml
ad0c78d48b2caade32dc9fd2aaa59b231fef7807	.local/share/bite-os/rices/serpantinum/.local/share/serpantinum/src/assets/themes/Turquoise.json
ad1c444d49e7ad31ba97805f09b73647dddbb95c	.config/quickshell/caelestia/modules/controlcenter/components/SplitPaneWithDetails.qml
ad1c444d49e7ad31ba97805f09b73647dddbb95c	.local/share/bite-os/rices/caelestia/.config/quickshell/caelestia/modules/controlcenter/components/SplitPaneWithDetails.qml
ad27949880a1ab909624891a866cdc78d15538a0	.config/quickshell/caelestia/modules/bar/components/workspaces/ActiveIndicator.qml
ad27949880a1ab909624891a866cdc78d15538a0	.local/share/bite-os/rices/caelestia/.config/quickshell/caelestia/modules/bar/components/workspaces/ActiveIndicator.qml
ad3d17d544d217565809e529490980911bb312ca	.local/share/bite-os/rices/serpantinum/.local/share/serpantinum/src/assets/languages/en.json
ad8a939c9031d4e8aa36ebefdf869771276c7a58	.local/share/bite-os/rices/serpantinum/.config/hypr/config/keybindings.conf
adb018fd08b854b725b4b7440b19838799971720	.config/quickshell/ilyamiro-shell/calendar/schedule/schedule_manager.sh
adb018fd08b854b725b4b7440b19838799971720	.local/share/bite-os/rices/caelestia/.config/quickshell/ilyamiro-shell/calendar/schedule/schedule_manager.sh
ae63544a7a36ddfbd6c71afbc7161617041469bd	.local/share/bite-os/rices/serpantinum/.local/share/serpantinum/src/scripts/wallpaper/indexer.py
ae936d65c63c79f9ab98314c34d19fd7cb92eaa1	.local/share/bite-os/rices/serpantinum/.local/share/serpantinum/src/quickshell/bar/sidemodules/qmldir
aeaa7deaf83fa86c55a218268704dd8f3ae2df5d	.config/quickshell/caelestia/modules/notifications/Content.qml
aeaa7deaf83fa86c55a218268704dd8f3ae2df5d	.local/share/bite-os/rices/caelestia/.config/quickshell/caelestia/modules/notifications/Content.qml
aed6295640dba81a13277900337096f08952b9b2	.config/glitch/bin/dots-switch.sh
aed96f92fa5fa74863daf159b67f04139233beff	.local/share/bite-os/rices/caelestia/meta.txt
aedbe63e5787d003c7f87c67ee02d2a5bd8c9539	.local/share/bite-os/rices/serpantinum/.local/share/serpantinum/src/assets/themes/Palenight.json
aee259c8e4efa2210f2e52c083fbeb3a0db08c1c	.config/glitch/bin/glitch-fetch.sh
af691cdfa9d865ebbacf4d2be481403c874fdb51	.local/share/bite-os/rices/serpantinum/.local/share/serpantinum/src/assets/languages/vi.json
af8c9cc707defea467e2a79e65629cfe5d71b0ab	.config/glitch/bin/install-glitch-os-system.sh
b020b8be99361db0fa1b0224529c3b7bae111efe	.config/systemd/user/bite-os-healthcheck.service
b02934c1340eb2251b01d5e9786517eb241057d1	.config/hypr/scripts/quickshell/guide/previews/preview_wallpaper.png
b02934c1340eb2251b01d5e9786517eb241057d1	.config/quickshell/ilyamiro-shell/guide/previews/preview_wallpaper.png
b02934c1340eb2251b01d5e9786517eb241057d1	.local/share/bite-os/rices/caelestia/.config/hypr/scripts/quickshell/guide/previews/preview_wallpaper.png
b02934c1340eb2251b01d5e9786517eb241057d1	.local/share/bite-os/rices/caelestia/.config/quickshell/ilyamiro-shell/guide/previews/preview_wallpaper.png
b02934c1340eb2251b01d5e9786517eb241057d1	.local/share/bite-os/rices/ilyamiro/.config/hypr/scripts/quickshell/guide/previews/preview_wallpaper.png
b02934c1340eb2251b01d5e9786517eb241057d1	.local/share/bite-os/rices/serpantinum/.config/hypr/scripts/quickshell/guide/previews/preview_wallpaper.png
b03a11ee8e294650cde91776975551106a7cb712	.config/quickshell/caelestia/modules/dashboard/MediaWrapper.qml
b03a11ee8e294650cde91776975551106a7cb712	.local/share/bite-os/rices/caelestia/.config/quickshell/caelestia/modules/dashboard/MediaWrapper.qml
b050482c05b956a7c724353ff5fc0a7df9510a80	.config/hypr/scripts/caching.sh
b050482c05b956a7c724353ff5fc0a7df9510a80	.local/share/bite-os/rices/caelestia/.config/hypr/scripts/caching.sh
b050482c05b956a7c724353ff5fc0a7df9510a80	.local/share/bite-os/rices/ilyamiro/.config/hypr/scripts/caching.sh
b050482c05b956a7c724353ff5fc0a7df9510a80	.local/share/bite-os/rices/serpantinum/.config/hypr/scripts/caching.sh
b065e1615b7805174f4cfe1f1ea31fe02641fdce	.local/share/bite-os/rices/serpantinum/.local/share/serpantinum/src/assets/languages/az.json
b0aeb0b41d2a99096a77f5dcfe87d9d6f4a9309a	.config/matugen/templates/discord.css.template
b0aeb0b41d2a99096a77f5dcfe87d9d6f4a9309a	.local/share/bite-os/rices/caelestia/.config/matugen/templates/discord.css.template
b0aeb0b41d2a99096a77f5dcfe87d9d6f4a9309a	.local/share/bite-os/rices/ilyamiro/.config/matugen/templates/discord.css.template
b0aeb0b41d2a99096a77f5dcfe87d9d6f4a9309a	.local/share/bite-os/rices/serpantinum/.config/matugen/templates/discord.css.template
b102e2afb40309e7d0d140855e50e447a9508d35	.config/quickshell/caelestia/modules/launcher/services/M3Variants.qml
b102e2afb40309e7d0d140855e50e447a9508d35	.local/share/bite-os/rices/caelestia/.config/quickshell/caelestia/modules/launcher/services/M3Variants.qml
b122589e61a7467a1f52711312ab3a0202d98e4b	.config/hypr/colors.conf
b122589e61a7467a1f52711312ab3a0202d98e4b	.local/share/bite-os/rices/caelestia/.config/hypr/colors.conf
b13d5d8e4c9042faa601741df4358468d904ddf9	.config/quickshell/caelestia/modules/launcher/items/VariantItem.qml
b13d5d8e4c9042faa601741df4358468d904ddf9	.local/share/bite-os/rices/caelestia/.config/quickshell/caelestia/modules/launcher/items/VariantItem.qml
b19db2a00e07c94cbb1be1b8ff65b2ecb3c6e92a	.local/share/bite-os/rices/serpantinum/.local/share/serpantinum/src/assets/matugen/config-static.toml
b1a88d26f47ace17779aeaabc69d95343da02a98	.local/share/bite-os/rices/serpantinum/.local/share/serpantinum/src/quickshell/widgets/faces/MusicFaceRound.qml
b1dbe6c349b5c6016e029e01c71eb37333b8fe45	.local/share/bite-os/rices/serpantinum/.local/share/serpantinum/src/assets/sounds/reusables/fillbutton/charge_loop2.wav
b1eda550b5fbdc243035bbfa7f693920f01d5b0c	.local/share/bite-os/rices/serpantinum/.local/share/serpantinum/src/quickshell/clipboard/Clipboard.qml
b2b6aef17654c6452ed5c34f5418578fe2ab3a13	.config/quickshell/caelestia/modules/nexus/pages/panels/taskbar/BarClock.qml
b2b6aef17654c6452ed5c34f5418578fe2ab3a13	.local/share/bite-os/rices/caelestia/.config/quickshell/caelestia/modules/nexus/pages/panels/taskbar/BarClock.qml
b2b9c0f698afe284252e12fb59c49ae3c461a108	.config/quickshell/caelestia/modules/controlcenter/bluetooth/BtPane.qml
b2b9c0f698afe284252e12fb59c49ae3c461a108	.local/share/bite-os/rices/caelestia/.config/quickshell/caelestia/modules/controlcenter/bluetooth/BtPane.qml
b2cef7e746087ae2185e8ce7d6b2040fe1c9baae	.config/glitch/bin/bite-os-healthcheck.sh
b2eea041f8db88ce00897639854da6fec2185b4a	.config/hypr/scripts/glitch-mode.sh
b2eea041f8db88ce00897639854da6fec2185b4a	.local/share/bite-os/rices/caelestia/.config/hypr/scripts/glitch-mode.sh
b2f163a375d39449d1daf5ebc10ba776ae3c50a4	.local/share/bite-os/rices/serpantinum/.local/share/serpantinum/src/assets/pushy.gif
b320fa88f8676b0d048776cabd24cd813e15d46e	.config/quickshell/caelestia/modules/nexus/pages/network/NetworkDetailPage.qml
b320fa88f8676b0d048776cabd24cd813e15d46e	.local/share/bite-os/rices/caelestia/.config/quickshell/caelestia/modules/nexus/pages/network/NetworkDetailPage.qml
b35804a340a2e47ebb7a89c6c3b30600ab5242fa	.local/share/bite-os/rices/serpantinum/.local/share/serpantinum/src/quickshell/singletons/environment/BlueLight.qml
b4355cd7b44d12f6c0f08198739c5038235cfdb7	.config/quickshell/caelestia/components/DashboardState.qml
b4355cd7b44d12f6c0f08198739c5038235cfdb7	.local/share/bite-os/rices/caelestia/.config/quickshell/caelestia/components/DashboardState.qml
b45215aec652ea0050ee2e60f2391046ec408b7b	.config/hypr/scheme/current.conf
b45215aec652ea0050ee2e60f2391046ec408b7b	.local/share/bite-os/rices/caelestia/.config/hypr/scheme/current.conf
b4526d92cea874a726edcdc7eb3c4d65d0aa50ff	.config/glitch/bin/dots-switch.sh
b46b4f72135de469c17069eb2076cff3b1f0c834	.config/quickshell/caelestia/components/filedialog/DialogButtons.qml
b46b4f72135de469c17069eb2076cff3b1f0c834	.local/share/bite-os/rices/caelestia/.config/quickshell/caelestia/components/filedialog/DialogButtons.qml
b4748fdb322475302b26f616e76aa124de4784b9	.config/hypr/scripts/glitch-hud.fish
b4748fdb322475302b26f616e76aa124de4784b9	.local/share/bite-os/rices/caelestia/.config/hypr/scripts/glitch-hud.fish
b496ce01dc39ab4a12795acc51bea4d40a8c84c6	.config/glitch/icons/README.md
b4fac6da994457cebdf2e6e1382312306f7c63ce	.config/hypr/scripts/focus_next_monitor.sh
b4fac6da994457cebdf2e6e1382312306f7c63ce	.local/share/bite-os/rices/caelestia/.config/hypr/scripts/focus_next_monitor.sh
b4fac6da994457cebdf2e6e1382312306f7c63ce	.local/share/bite-os/rices/ilyamiro/.config/hypr/scripts/focus_next_monitor.sh
b4fac6da994457cebdf2e6e1382312306f7c63ce	.local/share/bite-os/rices/serpantinum/.config/hypr/scripts/focus_next_monitor.sh
b512a718ea290932968d229dcdcc83cd89f480eb	.local/share/bite-os/rices/serpantinum/.local/share/serpantinum/src/quickshell/guide/general/GeneralTab.qml
b51f704c7b1cba3381502bd45ada3512de65a57b	.config/quickshell/caelestia/modules/nexus/NavPane.qml
b51f704c7b1cba3381502bd45ada3512de65a57b	.local/share/bite-os/rices/caelestia/.config/quickshell/caelestia/modules/nexus/NavPane.qml
b56f7fc93732ce6d9568be1b3e15c3f43ce172d5	.local/share/bite-os/rices/serpantinum/.local/share/serpantinum/src/assets/fonts/AurulentSansMNerdFontMono-Regular.otf
b5bc7bb3bb76e96fec17939f8256f898ff330786	.config/quickshell/caelestia/assets/dino.png
b5bc7bb3bb76e96fec17939f8256f898ff330786	.local/share/bite-os/rices/caelestia/.config/quickshell/caelestia/assets/dino.png
b5be71498edb3639210ab12984a272843652bf22	.local/share/bite-os/rices/serpantinum/.config/hypr/default_settings.json
b5c53b46f0d9dd25a5cd3434a48566b5a56cc765	.local/share/bite-os/rices/serpantinum/.local/share/serpantinum/src/quickshell/watchers/kb_locks.sh
b5fcc0a4cf238aa40f2bd1631eb2434596cad1e5	.config/quickshell/caelestia/modules/bar/components/Clock.qml
b5fcc0a4cf238aa40f2bd1631eb2434596cad1e5	.local/share/bite-os/rices/caelestia/.config/quickshell/caelestia/modules/bar/components/Clock.qml
b65d73ed3396a5c7bcaca6b098479ca1a3dcd077	.config/hypr/colors.conf
b65d73ed3396a5c7bcaca6b098479ca1a3dcd077	.local/share/bite-os/rices/ilyamiro/.config/hypr/colors.conf
b66b607eda76c2f948fb570ce626f16cece49773	.local/share/bite-os/rices/caelestia/.config/cava/shaders/eye_of_phi.frag
b66b607eda76c2f948fb570ce626f16cece49773	.local/share/bite-os/rices/serpantinum/.config/cava/shaders/eye_of_phi.frag
b695ebe5dc42869a170f239d1fa80b8eb8454db1	.local/share/bite-os/rices/serpantinum/.local/share/serpantinum/src/quickshell/bar/TopBar.qml
b6a2f88527314939a8bcbd1edb3fb65abc0de198	.config/hypr/scripts/init.sh
b6a2f88527314939a8bcbd1edb3fb65abc0de198	.local/share/bite-os/rices/caelestia/.config/hypr/scripts/init.sh
b6a2f88527314939a8bcbd1edb3fb65abc0de198	.local/share/bite-os/rices/ilyamiro/.config/hypr/scripts/init.sh
b6a2f88527314939a8bcbd1edb3fb65abc0de198	.local/share/bite-os/rices/serpantinum/.config/hypr/scripts/init.sh
b6ac6f8fb3a8cf1b409276cead60cfaa11f0a14d	.config/quickshell/caelestia/modules/nexus/pages/panels/TaskbarPanel.qml
b6ac6f8fb3a8cf1b409276cead60cfaa11f0a14d	.local/share/bite-os/rices/caelestia/.config/quickshell/caelestia/modules/nexus/pages/panels/TaskbarPanel.qml
b6acd0792bfdfd7cc9e65004cf287f4c39720c86	.config/quickshell/caelestia/modules/controlcenter/network/WirelessList.qml
b6acd0792bfdfd7cc9e65004cf287f4c39720c86	.local/share/bite-os/rices/caelestia/.config/quickshell/caelestia/modules/controlcenter/network/WirelessList.qml
b6d94ed243645d4b9abb425b110575b40b6fffe6	.config/glitch/templates/centered.jsonc
b6d94ed243645d4b9abb425b110575b40b6fffe6	.config/glitch/templates/side-by-side.jsonc
b6d94ed243645d4b9abb425b110575b40b6fffe6	.config/glitch/templates/vertical.jsonc
b70cdab3abc9e2041bcd5285c17ae728d85b339d	.config/glitch/bin/rice
b763d80751d68c63ab9c5b4e4da0436b24839609	.config/quickshell/caelestia/modules/dashboard/dash/Calendar.qml
b763d80751d68c63ab9c5b4e4da0436b24839609	.local/share/bite-os/rices/caelestia/.config/quickshell/caelestia/modules/dashboard/dash/Calendar.qml
b792e583312ba8b556fdc57b8a0daaaa81d45a46	.config/quickshell/caelestia/components/containers/StyledFlickable.qml
b792e583312ba8b556fdc57b8a0daaaa81d45a46	.local/share/bite-os/rices/caelestia/.config/quickshell/caelestia/components/containers/StyledFlickable.qml
b79bbfbcb6d7d1650a8d10efff8c8ba6cf32cf37	.config/quickshell/caelestia/modules/osd/Wrapper.qml
b79bbfbcb6d7d1650a8d10efff8c8ba6cf32cf37	.local/share/bite-os/rices/caelestia/.config/quickshell/caelestia/modules/osd/Wrapper.qml
b7ad84bbb4f8abc77a12cf9d9df3f88c58f4fda4	.config/quickshell/caelestia/modules/dashboard/media/LyricList.qml
b7ad84bbb4f8abc77a12cf9d9df3f88c58f4fda4	.local/share/bite-os/rices/caelestia/.config/quickshell/caelestia/modules/dashboard/media/LyricList.qml
b7bbebbb9d13ad6d18e769a1b5b041ac7cb3644f	.config/quickshell/caelestia/modules/launcher/items/ActionItem.qml
b7bbebbb9d13ad6d18e769a1b5b041ac7cb3644f	.local/share/bite-os/rices/caelestia/.config/quickshell/caelestia/modules/launcher/items/ActionItem.qml
b8161fd2de49ddeb8a3a270d5afeb1d6843d2434	.config/hypr/scripts/serp-settings-sync.sh
b8161fd2de49ddeb8a3a270d5afeb1d6843d2434	.local/share/bite-os/rices/serpantinum/.config/hypr/scripts/serp-settings-sync.sh
b81aad0a7bb83e53321c32140a79c76b4b31f1e2	.config/quickshell/caelestia/modules/nexus/pages/wallandstyle/WallpaperSelect.qml
b81aad0a7bb83e53321c32140a79c76b4b31f1e2	.local/share/bite-os/rices/caelestia/.config/quickshell/caelestia/modules/nexus/pages/wallandstyle/WallpaperSelect.qml
b86f2a0b75feb93847f158bd015bb501cbfe235c	.local/share/bite-os/rices/serpantinum/.local/share/serpantinum/src/assets/fonts/LektonNerdFont-Regular.ttf
b86fcce1f9112cecb4debaae05863cc22ecea188	.config/quickshell/caelestia/components/CAnim.qml
b86fcce1f9112cecb4debaae05863cc22ecea188	.local/share/bite-os/rices/caelestia/.config/quickshell/caelestia/components/CAnim.qml
b881b7fa5a9015658a4cd6248a534edd31807cb8	.local/share/bite-os/rices/serpantinum/.local/share/serpantinum/src/quickshell/quickactions/Floating.qml
b89c9a4693089458d25a8a75427b6155974cfcf7	.config/quickshell/caelestia/modules/lock/center/StateMessage.qml
b89c9a4693089458d25a8a75427b6155974cfcf7	.local/share/bite-os/rices/caelestia/.config/quickshell/caelestia/modules/lock/center/StateMessage.qml
b8abebb14880877683debe1cce9ef56db9a8e3fb	.config/quickshell/caelestia/components/effects/Colouriser.qml
b8abebb14880877683debe1cce9ef56db9a8e3fb	.local/share/bite-os/rices/caelestia/.config/quickshell/caelestia/components/effects/Colouriser.qml
b8ade84b00d07b131b1ae9b6ef22e865244f6b3f	.local/share/bite-os/rices/serpantinum/.local/share/serpantinum/src/quickshell/bar/sidemodules/system/SideBtWidget.qml
b8e78abde5baf7d1d3cec588f28e64a3d82d80a3	.config/quickshell/caelestia/modules/dashboard/dash/Media.qml
b8e78abde5baf7d1d3cec588f28e64a3d82d80a3	.local/share/bite-os/rices/caelestia/.config/quickshell/caelestia/modules/dashboard/dash/Media.qml
b9081370843315f32b501611c0bafe4bebf28ad5	.local/share/bite-os/rices/caelestia/.config/cava/themes/tricolor
b9081370843315f32b501611c0bafe4bebf28ad5	.local/share/bite-os/rices/serpantinum/.config/cava/themes/tricolor
b909739fe2a7556ccdfb4b845a985e4858efbc08	.config/quickshell/caelestia/components/controls/SwitchRow.qml
b909739fe2a7556ccdfb4b845a985e4858efbc08	.local/share/bite-os/rices/caelestia/.config/quickshell/caelestia/components/controls/SwitchRow.qml
b90be4f57047871e5e7210f7d0a03582dd416250	.local/share/bite-os/rices/serpantinum/.local/share/serpantinum/src/quickshell/notifications/types/Screenshot.qml
b90f6302276601d38ecc8a06949645178b66b5c1	.local/share/bite-os/rices/serpantinum/.local/share/serpantinum/src/quickshell/bar/sidemodules/system/SideSysMonWidget.qml
b9afca8a0b4983e0dfe0cf3d2fb7362ba0fd72d9	.config/quickshell/caelestia/services/Wallpapers.qml
b9afca8a0b4983e0dfe0cf3d2fb7362ba0fd72d9	.local/share/bite-os/rices/caelestia/.config/quickshell/caelestia/services/Wallpapers.qml
ba7e4be5bd6c3d0c9c9e8676b6eb41ab680fccf7	.local/share/bite-os/rices/serpantinum/.local/share/serpantinum/src/quickshell/reusables/ScreenPositionSelector.qml
ba854eb726ff10fabece58aea478ab22bbfd8bce	.config/hypr/scripts/bite-spaceship-power
ba854eb726ff10fabece58aea478ab22bbfd8bce	.local/share/bite-os/rices/caelestia/.config/hypr/scripts/bite-spaceship-power
ba8cdd8b01d5dd9a0c0890b78bacd90e125687f0	.local/share/bite-os/rices/serpantinum/.local/share/serpantinum/bin/serpantinumd
bab16205eef751e418d5fb8dc07c6a87f9580f7d	.local/share/bite-os/rices/serpantinum/.local/share/serpantinum/src/assets/fonts/AtkynsonMonoNerdFont-Regular.otf
baca115ea4149dc47790bca647f3f83005cb8a91	.config/quickshell/caelestia/modules/bar/popouts/Bluetooth.qml
baca115ea4149dc47790bca647f3f83005cb8a91	.local/share/bite-os/rices/caelestia/.config/quickshell/caelestia/modules/bar/popouts/Bluetooth.qml
bb4c08beb16deaf66643d9379e42686dc26437ba	.config/hypr/scripts/volume_listener.sh
bb4c08beb16deaf66643d9379e42686dc26437ba	.local/share/bite-os/rices/caelestia/.config/hypr/scripts/volume_listener.sh
bb4c08beb16deaf66643d9379e42686dc26437ba	.local/share/bite-os/rices/ilyamiro/.config/hypr/scripts/volume_listener.sh
bb4c08beb16deaf66643d9379e42686dc26437ba	.local/share/bite-os/rices/serpantinum/.config/hypr/scripts/volume_listener.sh
bbd8a3515daf5459360454524a6edcdc8059ce66	.config/quickshell/caelestia/modules/dashboard/dash/Media.qml
bbd8a3515daf5459360454524a6edcdc8059ce66	.local/share/bite-os/rices/caelestia/.config/quickshell/caelestia/modules/dashboard/dash/Media.qml
bc35338c6806302d701f663b5773a52bf99a7ddb	.config/hypr/scripts/mpvpaper-autopause.sh
bc35338c6806302d701f663b5773a52bf99a7ddb	.local/share/bite-os/rices/caelestia/.config/hypr/scripts/mpvpaper-autopause.sh
bc543d05648fa556e2a779827cf8eaae3abf6e44	.local/share/bite-os/splash/play-splash.sh
bc7a6eb876ae5d01f0096582784c7948bd2eeccd	.local/share/bite-os/rices/serpantinum/.config/hypr/templates/keybinds.conf.template
bd093a2fc1672b9ebb115f8b3cc524e29a590672	.config/glitch/bin/dots-switch.sh
bd178c76d415938c2d5d603173b9a3a38d7937f7	.config/matugen/config.toml
bd178c76d415938c2d5d603173b9a3a38d7937f7	.local/share/bite-os/rices/caelestia/.config/matugen/config.toml
bd178c76d415938c2d5d603173b9a3a38d7937f7	.local/share/bite-os/rices/ilyamiro/.config/matugen/config.toml
bd1ecc622f572b7e78f780ae07b272cc9517e26d	.config/quickshell/caelestia/components/controls/SplitButtonRow.qml
bd1ecc622f572b7e78f780ae07b272cc9517e26d	.local/share/bite-os/rices/caelestia/.config/quickshell/caelestia/components/controls/SplitButtonRow.qml
bd2b4ae548773f27a2a2fc2dcfb5e17b1159bddb	.local/share/bite-os/rices/serpantinum/.local/share/serpantinum/src/quickshell/guide/display/DisplayWidgetsTab.qml
bd4834ae747961643dce0f61f78255b03b6fb7f1	.local/share/bite-os/rices/serpantinum/.local/share/serpantinum/src/assets/themes/Panda.json
bd581aab1a3890e5d599873b2be7558ebf5e7e83	.config/quickshell/caelestia/modules/bar/components/workspaces/Workspace.qml
bd581aab1a3890e5d599873b2be7558ebf5e7e83	.local/share/bite-os/rices/caelestia/.config/quickshell/caelestia/modules/bar/components/workspaces/Workspace.qml
bd6d39ea788ec91f06a1723e136d66c7fa83d038	.local/share/bite-os/rices/ilyamiro/.config/hypr/scripts/screenshot.sh
bd6d39ea788ec91f06a1723e136d66c7fa83d038	.local/share/bite-os/rices/serpantinum/.config/hypr/scripts/screenshot.sh
bda1039d741c6032b243a402ed3ff67a2b329e60	.config/glitch/icons/logo-hero.png
bda1039d741c6032b243a402ed3ff67a2b329e60	.config/glitch/logos/biteos_logo.png
bda1039d741c6032b243a402ed3ff67a2b329e60	.config/glitch/plymouth/glitch-os/biteos_logo.png
bda1039d741c6032b243a402ed3ff67a2b329e60	.local/share/bite-os/splash/assets/logo-hero.png
bda1039d741c6032b243a402ed3ff67a2b329e60	.local/share/bite-os/splash/uploads/logo-hero.png
bdca4c661645f572d2e605bf032564e08df69833	.local/share/bite-os/rices/serpantinum/.local/share/serpantinum/src/quickshell/bar/modules/FocusWidget.qml
bdd984e91a8b8379f65e0ed988f6b18405e4b622	.config/quickshell/caelestia/components/controls/StyledTextField.qml
bdd984e91a8b8379f65e0ed988f6b18405e4b622	.local/share/bite-os/rices/caelestia/.config/quickshell/caelestia/components/controls/StyledTextField.qml
bde9e060f8d2875ca0950b17f1e699f3037ca2a4	.config/foot/foot.ini
bde9e060f8d2875ca0950b17f1e699f3037ca2a4	.local/share/bite-os/rices/caelestia/.config/foot/foot.ini
be23ad6ae06275788b62045d27c79c390ab9622f	.config/hypr/settings.json
be23ad6ae06275788b62045d27c79c390ab9622f	.local/share/bite-os/rices/caelestia/.config/hypr/settings.json
be23ad6ae06275788b62045d27c79c390ab9622f	.local/share/bite-os/rices/ilyamiro/.config/hypr/settings.json
be67eab272f272d627802f5ab080f5eb021b6226	.config/quickshell/caelestia/modules/controlcenter/dashboard/GeneralSection.qml
be67eab272f272d627802f5ab080f5eb021b6226	.local/share/bite-os/rices/caelestia/.config/quickshell/caelestia/modules/controlcenter/dashboard/GeneralSection.qml
beb6a15cbfcaadcc57b65c79e58f41a35e204c8c	.config/quickshell/caelestia/components/controls/ToggleRow.qml
beb6a15cbfcaadcc57b65c79e58f41a35e204c8c	.local/share/bite-os/rices/caelestia/.config/quickshell/caelestia/components/controls/ToggleRow.qml
beb6a50e411268d1246bbeed153c8289170ef9fc	.local/share/bite-os/rices/serpantinum/.local/share/serpantinum/src/quickshell/reusables/Toggle.qml
bef8f4b8e4d667383ca45b238a8cb188ff8358f1	.config/quickshell/caelestia/modules/drawers/Interactions.qml
bef8f4b8e4d667383ca45b238a8cb188ff8358f1	.local/share/bite-os/rices/caelestia/.config/quickshell/caelestia/modules/drawers/Interactions.qml
bf3983b26756dbde34777773e8504ebe8719813d	.local/share/bite-os/rices/serpantinum/.local/share/serpantinum/src/assets/themes/Sunstone.json
bf731171ed9d5c82f737597748b2450dbe77a825	.local/share/bite-os/rices/serpantinum/.local/share/serpantinum/src/quickshell/serp/Serpantinum.qml
bf978ec0b1f480619ba2ba863abc955b21abf33a	.config/quickshell/caelestia/modules/sidebar/NotifDock.qml
bf978ec0b1f480619ba2ba863abc955b21abf33a	.local/share/bite-os/rices/caelestia/.config/quickshell/caelestia/modules/sidebar/NotifDock.qml
bf9f0e83124af0db88ec0d0490804d35359fe206	.config/hypr/settings.json
bf9f0e83124af0db88ec0d0490804d35359fe206	.local/share/bite-os/rices/caelestia/.config/hypr/settings.json
bf9f0e83124af0db88ec0d0490804d35359fe206	.local/share/bite-os/rices/ilyamiro/.config/hypr/settings.json
bfd747de265d85b62042cf24248722cd443e6cd0	.config/quickshell/caelestia/modules/lock/Center.qml
bfd747de265d85b62042cf24248722cd443e6cd0	.local/share/bite-os/rices/caelestia/.config/quickshell/caelestia/modules/lock/Center.qml
bfff9b632818b59c6699faf3cbc33405ece41aee	.local/share/bite-os/rices/serpantinum/.local/share/serpantinum/src/assets/themes/Frappe.json
c0188304dbda6e24e02847f47330750cf141b4f3	.config/quickshell/caelestia/modules/dashboard/LyricsView.qml
c0188304dbda6e24e02847f47330750cf141b4f3	.local/share/bite-os/rices/caelestia/.config/quickshell/caelestia/modules/dashboard/LyricsView.qml
c048e764b585051557d106f336c459e826dc7262	.config/quickshell/caelestia/modules/notifications/Wrapper.qml
c048e764b585051557d106f336c459e826dc7262	.local/share/bite-os/rices/caelestia/.config/quickshell/caelestia/modules/notifications/Wrapper.qml
c0772e617780614378e1f7299c67eb2fc8d096f4	.config/quickshell/caelestia/modules/bar/popouts/Wrapper.qml
c0772e617780614378e1f7299c67eb2fc8d096f4	.local/share/bite-os/rices/caelestia/.config/quickshell/caelestia/modules/bar/popouts/Wrapper.qml
c0c1610eb4bf5149333962d704760e99e47f76bc	.local/share/bite-os/rices/serpantinum/.local/share/serpantinum/src/assets/languages/ru.json
c0f20992e022c8ac289b8eed860736f75dff8895	.config/matugen/templates/nvim-colors.lua.template
c0f20992e022c8ac289b8eed860736f75dff8895	.local/share/bite-os/rices/caelestia/.config/matugen/templates/nvim-colors.lua.template
c0f20992e022c8ac289b8eed860736f75dff8895	.local/share/bite-os/rices/ilyamiro/.config/matugen/templates/nvim-colors.lua.template
c0f20992e022c8ac289b8eed860736f75dff8895	.local/share/bite-os/rices/serpantinum/.config/matugen/templates/nvim-colors.lua.template
c131828e6cf36aff97fc41ad7f0ac61563525efa	.local/share/bite-os/rices/serpantinum/.local/share/serpantinum/src/scripts/screenshot.sh
c146c5e8af6cbfbb4cdad0515b71aaae952371b9	.local/share/bite-os/rices/serpantinum/.local/share/serpantinum/src/quickshell/bar/SideBar.qml
c18be8da9dc456e68a72cdd2fc2128685b88d9de	.config/hypr/scripts/quickshell/network/sounds/power_on.wav
c18be8da9dc456e68a72cdd2fc2128685b88d9de	.config/quickshell/ilyamiro-shell/network/sounds/power_on.wav
c18be8da9dc456e68a72cdd2fc2128685b88d9de	.local/share/bite-os/rices/caelestia/.config/hypr/scripts/quickshell/network/sounds/power_on.wav
c18be8da9dc456e68a72cdd2fc2128685b88d9de	.local/share/bite-os/rices/caelestia/.config/quickshell/ilyamiro-shell/network/sounds/power_on.wav
c18be8da9dc456e68a72cdd2fc2128685b88d9de	.local/share/bite-os/rices/ilyamiro/.config/hypr/scripts/quickshell/network/sounds/power_on.wav
c18be8da9dc456e68a72cdd2fc2128685b88d9de	.local/share/bite-os/rices/serpantinum/.config/hypr/scripts/quickshell/network/sounds/power_on.wav
c18be8da9dc456e68a72cdd2fc2128685b88d9de	.local/share/bite-os/rices/serpantinum/.local/share/serpantinum/src/assets/sounds/network/power_on.wav
c18ea560c632eae1e92fee05c45fb955d8e87cd7	.config/quickshell/caelestia/utils/SysInfo.qml
c18ea560c632eae1e92fee05c45fb955d8e87cd7	.local/share/bite-os/rices/caelestia/.config/quickshell/caelestia/utils/SysInfo.qml
c1b3c67435288dec53e145b9e89b34b0a5bc1b35	.config/hypr/scripts/quickshell/applauncher/app_fetcher.py
c1b3c67435288dec53e145b9e89b34b0a5bc1b35	.config/quickshell/ilyamiro-shell/applauncher/app_fetcher.py
c1b3c67435288dec53e145b9e89b34b0a5bc1b35	.local/share/bite-os/rices/caelestia/.config/hypr/scripts/quickshell/applauncher/app_fetcher.py
c1b3c67435288dec53e145b9e89b34b0a5bc1b35	.local/share/bite-os/rices/caelestia/.config/quickshell/ilyamiro-shell/applauncher/app_fetcher.py
c1b3c67435288dec53e145b9e89b34b0a5bc1b35	.local/share/bite-os/rices/ilyamiro/.config/hypr/scripts/quickshell/applauncher/app_fetcher.py
c1b3c67435288dec53e145b9e89b34b0a5bc1b35	.local/share/bite-os/rices/serpantinum/.config/hypr/scripts/quickshell/applauncher/app_fetcher.py
c1ce0f9229e17d4b48f665be631cc12b41f0995b	.config/quickshell/caelestia/modules/nexus/pages/ServicesPage.qml
c1ce0f9229e17d4b48f665be631cc12b41f0995b	.local/share/bite-os/rices/caelestia/.config/quickshell/caelestia/modules/nexus/pages/ServicesPage.qml
c1f13d5baac13c6338c77f40f0f424de5d8e9c92	.local/share/bite-os/rices/caelestia/meta.txt
c22fd6028b2c2be9f2884dc2c937f71f7fd67a42	.local/share/bite-os/rices/serpantinum/.local/share/serpantinum/src/quickshell/widgets/faces/MatrixFace.qml
c2c2187c52734ac38da9c0c445946cfeb9bd6ea8	.local/share/bite-os/rices/serpantinum/.local/share/serpantinum/src/quickshell/guide/notifications/NotificationsTab.qml
c2c3ee3636c9a714597ef0d84456a7daba012dd3	.local/share/bite-os/rices/serpantinum/.local/share/serpantinum/src/quickshell/bar/sidemodules/system/SideBtWidget.qml
c2d76107e04e5bfab2aaa5b3d47185881501e3c4	.local/share/bite-os/rices/serpantinum/.local/share/serpantinum/src/assets/sounds/start/wave.wav
c304dd720c4b1e4194bbe7ffa6cfa1e5f5d6fa50	.config/quickshell/caelestia/modules/lock/LockSurface.qml
c304dd720c4b1e4194bbe7ffa6cfa1e5f5d6fa50	.local/share/bite-os/rices/caelestia/.config/quickshell/caelestia/modules/lock/LockSurface.qml
c32f66d91ced500b23e74fb85bead3de3766df4a	.local/share/bite-os/rices/serpantinum/.local/share/serpantinum/src/quickshell/guide/BiteWidgetsTab.qml
c3307b41bc8eb76ea85f7e79b3586f932787457e	.local/share/bite-os/rices/serpantinum/.local/share/serpantinum/src/scripts/system/can_hibernate.sh
c33258e1f522a9a230125a7aff2e63c68ab65fd9	.config/hypr/scripts/quickshell/guide/previews/preview_stewart.png
c33258e1f522a9a230125a7aff2e63c68ab65fd9	.config/quickshell/ilyamiro-shell/guide/previews/preview_stewart.png
c33258e1f522a9a230125a7aff2e63c68ab65fd9	.local/share/bite-os/rices/caelestia/.config/hypr/scripts/quickshell/guide/previews/preview_stewart.png
c33258e1f522a9a230125a7aff2e63c68ab65fd9	.local/share/bite-os/rices/caelestia/.config/quickshell/ilyamiro-shell/guide/previews/preview_stewart.png
c33258e1f522a9a230125a7aff2e63c68ab65fd9	.local/share/bite-os/rices/ilyamiro/.config/hypr/scripts/quickshell/guide/previews/preview_stewart.png
c33258e1f522a9a230125a7aff2e63c68ab65fd9	.local/share/bite-os/rices/serpantinum/.config/hypr/scripts/quickshell/guide/previews/preview_stewart.png
c37ef3c527c7b3ee0a49ae8686801e75b9fe8f8d	.config/quickshell/caelestia/modules/utilities/cards/IdleInhibit.qml
c37ef3c527c7b3ee0a49ae8686801e75b9fe8f8d	.local/share/bite-os/rices/caelestia/.config/quickshell/caelestia/modules/utilities/cards/IdleInhibit.qml
c3805d5e1fdbf1b499b324bc286a0608c3bba92b	.config/quickshell/caelestia/modules/dashboard/performance/HeroCard.qml
c3805d5e1fdbf1b499b324bc286a0608c3bba92b	.local/share/bite-os/rices/caelestia/.config/quickshell/caelestia/modules/dashboard/performance/HeroCard.qml
c3a8e21be1215d586ca757992d5207c721374719	.config/quickshell/caelestia/modules/controlcenter/Panes.qml
c3a8e21be1215d586ca757992d5207c721374719	.local/share/bite-os/rices/caelestia/.config/quickshell/caelestia/modules/controlcenter/Panes.qml
c3c7b5d5ab7b4fa368e3fc701435a811bca790d1	.config/quickshell/caelestia/modules/nexus/pages/AboutPage.qml
c3c7b5d5ab7b4fa368e3fc701435a811bca790d1	.local/share/bite-os/rices/caelestia/.config/quickshell/caelestia/modules/nexus/pages/AboutPage.qml
c3cbe7213e3d0f02e0aa0861e00f33ca2b243ce0	.config/hypr/scripts/widget-journal.sh
c3cbe7213e3d0f02e0aa0861e00f33ca2b243ce0	.local/share/bite-os/rices/serpantinum/.config/hypr/scripts/widget-journal.sh
c3cbf9b79962f80bcacff770ea2f029a07c1d5c1	.local/share/bite-os/rices/serpantinum/.local/share/serpantinum/src/assets/themes/Horizon.json
c3e530a07bbcc95353fe89f42f88fc79d132bd31	.local/share/bite-os/rices/serpantinum/.local/share/serpantinum/src/quickshell/widgets/faces/UserFace.qml
c4656386b7df35ca2f56101c5f2b14f6196f1b8f	.config/quickshell/caelestia/modules/nexus/pages/network/AddVpnPage.qml
c4656386b7df35ca2f56101c5f2b14f6196f1b8f	.local/share/bite-os/rices/caelestia/.config/quickshell/caelestia/modules/nexus/pages/network/AddVpnPage.qml
c4720504ded76f48348b62bc2d146928f33d9576	.config/hypr/config/autostart.conf
c4720504ded76f48348b62bc2d146928f33d9576	.local/share/bite-os/rices/caelestia/.config/hypr/config/autostart.conf
c47c2363c7587d5893d9376517854811386ecdbd	.config/hypr/variables.conf
c48008cf0fb9ae465f20b402e4690e002f3584fe	.local/share/bite-os/rices/serpantinum/.local/share/serpantinum/src/quickshell/bar/sidemodules/system/SideVolWidget.qml
c48b1b24154904f7486fa6c679b1648faceddfed	.config/matugen/templates/firefox.css
c48b1b24154904f7486fa6c679b1648faceddfed	.local/share/bite-os/rices/caelestia/.config/matugen/templates/firefox.css
c48b1b24154904f7486fa6c679b1648faceddfed	.local/share/bite-os/rices/ilyamiro/.config/matugen/templates/firefox.css
c48b1b24154904f7486fa6c679b1648faceddfed	.local/share/bite-os/rices/serpantinum/.config/matugen/templates/firefox.css
c4b8bf2c704c73a4c08f2c52e04ed8f1557ae172	.config/quickshell/caelestia/modules/bar/popouts/TrayMenu.qml
c4b8bf2c704c73a4c08f2c52e04ed8f1557ae172	.local/share/bite-os/rices/caelestia/.config/quickshell/caelestia/modules/bar/popouts/TrayMenu.qml
c4fbbd53ac9d3fedc3a49389ac5ea9ec58de7a4a	.config/quickshell/caelestia/modules/windowinfo/Buttons.qml
c4fbbd53ac9d3fedc3a49389ac5ea9ec58de7a4a	.local/share/bite-os/rices/caelestia/.config/quickshell/caelestia/modules/windowinfo/Buttons.qml
c53d8f7657d51595d3ed1cde30d3ef14ad888e0d	.config/quickshell/caelestia/components/filedialog/HeaderBar.qml
c53d8f7657d51595d3ed1cde30d3ef14ad888e0d	.local/share/bite-os/rices/caelestia/.config/quickshell/caelestia/components/filedialog/HeaderBar.qml
c556f1a79032f4e68ee9fe128806e950c0181ad3	.config/hypr/scripts/glitch-popup-loop.sh
c556f1a79032f4e68ee9fe128806e950c0181ad3	.local/share/bite-os/rices/caelestia/.config/hypr/scripts/glitch-popup-loop.sh
c562df14c6491d5cc6eb6acce5059ff389f65183	.local/share/bite-os/rices/caelestia/.config/caelestia/hypr-user.conf
c5a0f6c33f2dabedc1afa92efdb706b58f7895af	.local/share/bite-os/rices/serpantinum/.local/share/serpantinum/src/assets/themes/Solarized.json
c5b812bc386bd3c5788719d6c32a288b3a495542	.local/share/bite-os/rices/serpantinum/.local/share/serpantinum/src/assets/languages/it.json
c5cc7b35afc39cd60b57be378ae5fb9da653d4cb	.config/hypr/scripts/glitch-hud.fish
c5cc7b35afc39cd60b57be378ae5fb9da653d4cb	.local/share/bite-os/rices/caelestia/.config/hypr/scripts/glitch-hud.fish
c5e112f68d1f23a95ae3b590fbb21dd034bf0d08	.config/hypr/scripts/quickshell/watchers/kb_wait.sh
c5e112f68d1f23a95ae3b590fbb21dd034bf0d08	.config/quickshell/ilyamiro-shell/watchers/kb_wait.sh
c5e112f68d1f23a95ae3b590fbb21dd034bf0d08	.local/share/bite-os/rices/caelestia/.config/hypr/scripts/quickshell/watchers/kb_wait.sh
c5e112f68d1f23a95ae3b590fbb21dd034bf0d08	.local/share/bite-os/rices/caelestia/.config/quickshell/ilyamiro-shell/watchers/kb_wait.sh
c5e112f68d1f23a95ae3b590fbb21dd034bf0d08	.local/share/bite-os/rices/ilyamiro/.config/hypr/scripts/quickshell/watchers/kb_wait.sh
c5e112f68d1f23a95ae3b590fbb21dd034bf0d08	.local/share/bite-os/rices/serpantinum/.config/hypr/scripts/quickshell/watchers/kb_wait.sh
c612485d07e487b0970179c0b3d97a7d26217b60	.config/quickshell/caelestia/modules/controlcenter/appearance/sections/ColorVariantSection.qml
c612485d07e487b0970179c0b3d97a7d26217b60	.local/share/bite-os/rices/caelestia/.config/quickshell/caelestia/modules/controlcenter/appearance/sections/ColorVariantSection.qml
c64e4724b91be9594fca1918ae955e04d65a9d17	.local/share/bite-os/rices/serpantinum/.local/share/serpantinum/src/assets/themes/Carnelian.json
c657d6cbe6ee93c4f46134a20e4ec2b8f17f47a9	.config/fastfetch/bite-os.txt
c65d34714cce630c210c868f76dd830afc6c7843	.config/quickshell/caelestia/modules/notifications/Content.qml
c65d34714cce630c210c868f76dd830afc6c7843	.local/share/bite-os/rices/caelestia/.config/quickshell/caelestia/modules/notifications/Content.qml
c6af05b6e8508790a473840dc061aabe9096867b	.config/quickshell/caelestia/shell.qml
c6af05b6e8508790a473840dc061aabe9096867b	.local/share/bite-os/rices/caelestia/.config/quickshell/caelestia/shell.qml
c6ccbb67a0aa88beda4bd4dfb7359f39078e4f0d	.config/quickshell/caelestia/modules/controlcenter/components/SettingsHeader.qml
c6ccbb67a0aa88beda4bd4dfb7359f39078e4f0d	.local/share/bite-os/rices/caelestia/.config/quickshell/caelestia/modules/controlcenter/components/SettingsHeader.qml
c6f01c63aecd27fb7545403e13727b7b88502593	.local/share/bite-os/rices/serpantinum/.local/share/serpantinum/LICENSE.md
c715b8d284498f4f73ad12c9eaca93393dc9f87b	.config/quickshell/caelestia/utils/SysInfo.qml
c715b8d284498f4f73ad12c9eaca93393dc9f87b	.local/share/bite-os/rices/caelestia/.config/quickshell/caelestia/utils/SysInfo.qml
c739c443e5e2b9d8804c71c79e922503301e5c6f	.config/quickshell/ilyamiro-shell/wallpaper/matugen_reload.sh
c739c443e5e2b9d8804c71c79e922503301e5c6f	.local/share/bite-os/rices/caelestia/.config/quickshell/ilyamiro-shell/wallpaper/matugen_reload.sh
c7415be8b592a587395ff4e2f2b101ffe79f3a51	.config/quickshell/caelestia/modules/background/DesktopClock.qml
c7415be8b592a587395ff4e2f2b101ffe79f3a51	.local/share/bite-os/rices/caelestia/.config/quickshell/caelestia/modules/background/DesktopClock.qml
c75202e3d13826f9c673c7f52a2cee163d209c03	.config/quickshell/caelestia/components/filedialog/Sizes.qml
c75202e3d13826f9c673c7f52a2cee163d209c03	.local/share/bite-os/rices/caelestia/.config/quickshell/caelestia/components/filedialog/Sizes.qml
c7d926144255cd404c5371365c510a268041983a	.local/share/bite-os/rices/serpantinum/.local/share/serpantinum/src/assets/sounds/reusables/dropdown/list.wav
c7dcbdfb665977889a064312223c636276aaf71a	.config/quickshell/caelestia/modules/launcher/services/Schemes.qml
c7dcbdfb665977889a064312223c636276aaf71a	.local/share/bite-os/rices/caelestia/.config/quickshell/caelestia/modules/launcher/services/Schemes.qml
c81fac632993eba13a9fbd90d0aa2dd8e7648f0f	.config/quickshell/caelestia/modules/controlcenter/dots/DotsPane.qml
c81fac632993eba13a9fbd90d0aa2dd8e7648f0f	.local/share/bite-os/rices/caelestia/.config/quickshell/caelestia/modules/controlcenter/dots/DotsPane.qml
c8495ea235ff1e4af3de1743d9ac6826c63c0b0e	.local/share/bite-os/rices/caelestia/manifest.txt
c8495ea235ff1e4af3de1743d9ac6826c63c0b0e	.local/share/bite-os/rices/ilyamiro/manifest.txt
c864d553087d5a14696c5ca4944264a4ce4dfe75	.config/quickshell/caelestia/utils/Icons.qml
c864d553087d5a14696c5ca4944264a4ce4dfe75	.local/share/bite-os/rices/caelestia/.config/quickshell/caelestia/utils/Icons.qml
c8b435caaa18c47c2e7624b3941603e200c5311a	.config/quickshell/caelestia/modules/controlcenter/ControlCenter.qml
c8b435caaa18c47c2e7624b3941603e200c5311a	.local/share/bite-os/rices/caelestia/.config/quickshell/caelestia/modules/controlcenter/ControlCenter.qml
c8e24f2c917e5be21d8574145f732f7a300f239b	.local/share/bite-os/rices/serpantinum/.local/share/serpantinum/src/quickshell/quickactions/actions/SystemUsage.qml
c9162e81e46430aa2a18c3df928023c2a72d9d1c	.config/hypr/scripts/spaceship-choose.sh
c93499ca6ea1b420e966a5ef66cda49e2f111cdc	.config/quickshell/caelestia/modules/dashboard/Performance.qml
c93499ca6ea1b420e966a5ef66cda49e2f111cdc	.local/share/bite-os/rices/caelestia/.config/quickshell/caelestia/modules/dashboard/Performance.qml
c971704f113ff93e94ee9e278b42f3ab99b11842	.local/share/bite-os/rices/serpantinum/.local/share/serpantinum/src/assets/sounds/reusables/input/type.wav
c971704f113ff93e94ee9e278b42f3ab99b11842	.local/share/bite-os/rices/serpantinum/.local/share/serpantinum/src/assets/sounds/start/type.wav
c97ce9330dc3b2ae32ef340c91b4088a187c8ccd	.config/hypr/scripts/wallpaper-restore.sh
c97ce9330dc3b2ae32ef340c91b4088a187c8ccd	.local/share/bite-os/rices/caelestia/.config/hypr/scripts/wallpaper-restore.sh
c97ce9330dc3b2ae32ef340c91b4088a187c8ccd	.local/share/bite-os/rices/ilyamiro/.config/hypr/scripts/wallpaper-restore.sh
c9c6b2994f5271b1a7801718dac97919fefc7bcd	.config/hypr/scripts/serp-settings-sync.sh
c9c6b2994f5271b1a7801718dac97919fefc7bcd	.local/share/bite-os/rices/serpantinum/.config/hypr/scripts/serp-settings-sync.sh
c9fa4b415db968188aaf72691d5f5b76314d96df	.local/share/bite-os/rices/serpantinum/.local/share/serpantinum/src/assets/themes/Espresso.json
caab7487f41c19bdfa59d9b471b7a01dcbe8e8f6	.config/quickshell/caelestia/modules/bar/popouts/LockStatus.qml
caab7487f41c19bdfa59d9b471b7a01dcbe8e8f6	.local/share/bite-os/rices/caelestia/.config/quickshell/caelestia/modules/bar/popouts/LockStatus.qml
cab34f58b199201152c9e643642de2cecb176bf9	.config/matugen/templates/qtct.conf.template
cab34f58b199201152c9e643642de2cecb176bf9	.local/share/bite-os/rices/caelestia/.config/matugen/templates/qtct.conf.template
cab34f58b199201152c9e643642de2cecb176bf9	.local/share/bite-os/rices/ilyamiro/.config/matugen/templates/qtct.conf.template
cab34f58b199201152c9e643642de2cecb176bf9	.local/share/bite-os/rices/serpantinum/.config/matugen/templates/qtct.conf.template
caf60c74f584d7531174122b03b2a1b5a8d6f245	.config/quickshell/caelestia/assets/wrap_term_launch.sh
caf60c74f584d7531174122b03b2a1b5a8d6f245	.local/share/bite-os/rices/caelestia/.config/quickshell/caelestia/assets/wrap_term_launch.sh
cb1061a70b0e4490af4f1fe0bb21e9fd075c47bd	.config/hypr/config/keybindings.conf
cb537407023bcd9b03687d9d218f64f1d669b6fe	.config/quickshell/caelestia/modules/nexus/common/SelectRow.qml
cb537407023bcd9b03687d9d218f64f1d669b6fe	.local/share/bite-os/rices/caelestia/.config/quickshell/caelestia/modules/nexus/common/SelectRow.qml
cb943917aa73151c64e9614f74e8d4c404475f6c	.config/hypr/hyprland/execs.conf
cc555f2944f3dd9accf7ee36611f03b1e9dfcecd	.config/quickshell/caelestia/modules/launcher/services/Schemes.qml
cc555f2944f3dd9accf7ee36611f03b1e9dfcecd	.local/share/bite-os/rices/caelestia/.config/quickshell/caelestia/modules/launcher/services/Schemes.qml
cc903158b16790d98d7a0e44fa0f83e2d38ccfb8	.config/glitch/bin/rice
ccb5f0c4b8141868a2b3beb51662118af4aeb140	.config/quickshell/caelestia/modules/dashboard/Media.qml
ccb5f0c4b8141868a2b3beb51662118af4aeb140	.local/share/bite-os/rices/caelestia/.config/quickshell/caelestia/modules/dashboard/Media.qml
cd283b1f9d5460682b87976bbf06697e9ece2dcb	.local/share/bite-os/rices/serpantinum/.local/share/serpantinum/src/scripts/config.sh
cd57a8b95d6d1de42ed8ae15fa6c449ed7c9863c	.local/share/bite-os/rices/serpantinum/.local/share/serpantinum/src/version.txt
cd57a8b95d6d1de42ed8ae15fa6c449ed7c9863c	.local/share/bite-os/rices/serpantinum/.local/share/serpantinum/version.txt
cd5f3e40bd4eef9f1bd3e78cb42f1c17121c4bc1	.config/quickshell/caelestia/modules/dashboard/dash/SmallWeather.qml
cd5f3e40bd4eef9f1bd3e78cb42f1c17121c4bc1	.local/share/bite-os/rices/caelestia/.config/quickshell/caelestia/modules/dashboard/dash/SmallWeather.qml
cd88b92b6f83e6da9cdd7e973f674b6d0790bb24	.config/quickshell/caelestia/modules/controlcenter/appearance/sections/BackgroundSection.qml
cd88b92b6f83e6da9cdd7e973f674b6d0790bb24	.local/share/bite-os/rices/caelestia/.config/quickshell/caelestia/modules/controlcenter/appearance/sections/BackgroundSection.qml
cdd520343ac0e1fab1506c25ae108550a953b802	.local/share/bite-os/rices/serpantinum/.local/share/serpantinum/src/quickshell/reusables/Dropdown.qml
cdf36694597b39974cd9bb61354704580256ceff	.local/share/bite-os/rices/serpantinum/.local/share/serpantinum/src/assets/fonts/ProggyCleanSZNerdFont-Regular.ttf
ce7b489f6219d1bbfb36508b11525bf591c1bef9	.local/share/bite-os/rices/serpantinum/.local/share/serpantinum/src/quickshell/widgets/WidgetRedactor.qml
cec4d5902f06580c36d407203fa73e13a828d75f	.local/share/bite-os/rices/serpantinum/.local/share/serpantinum/src/quickshell/guide/wellbeing/launch_daemon.sh
cefad2e1cfc3a11c99a7e5d44575a8107872b58c	.local/share/bite-os/rices/serpantinum/.local/share/serpantinum/src/quickshell/Shell.qml
cf1f4b9831a36ab6bb1268911acffedfd1debf83	.config/quickshell/caelestia/modules/bar/components/ActiveWindow.qml
cf1f4b9831a36ab6bb1268911acffedfd1debf83	.local/share/bite-os/rices/caelestia/.config/quickshell/caelestia/modules/bar/components/ActiveWindow.qml
cfcce1fe99e11878eb3a272a63e6427374b001a1	.local/share/bite-os/rices/serpantinum/.local/share/serpantinum/src/assets/languages/de.json
d081b5b30003f5a7601f5720921403fdb77e850d	.config/hypr/scripts/quickshell/Scaler.qml
d081b5b30003f5a7601f5720921403fdb77e850d	.config/quickshell/ilyamiro-shell/Scaler.qml
d081b5b30003f5a7601f5720921403fdb77e850d	.local/share/bite-os/rices/caelestia/.config/hypr/scripts/quickshell/Scaler.qml
d081b5b30003f5a7601f5720921403fdb77e850d	.local/share/bite-os/rices/caelestia/.config/quickshell/ilyamiro-shell/Scaler.qml
d081b5b30003f5a7601f5720921403fdb77e850d	.local/share/bite-os/rices/ilyamiro/.config/hypr/scripts/quickshell/Scaler.qml
d081b5b30003f5a7601f5720921403fdb77e850d	.local/share/bite-os/rices/serpantinum/.config/hypr/scripts/quickshell/Scaler.qml
d0967354f453328d9bbe0bab57a69c3ea81701d9	.local/share/bite-os/rices/serpantinum/.local/share/serpantinum/src/scripts/caching.sh
d0d5e2535b565fbcba3def0c9b87582a0559761c	.config/quickshell/caelestia/modules/dashboard/Performance.qml
d0d5e2535b565fbcba3def0c9b87582a0559761c	.local/share/bite-os/rices/caelestia/.config/quickshell/caelestia/modules/dashboard/Performance.qml
d104ba866e1d95ffc2ad91be0a93cb43e6885c95	.config/matugen/templates/gtk.css.template
d104ba866e1d95ffc2ad91be0a93cb43e6885c95	.local/share/bite-os/rices/caelestia/.config/matugen/templates/gtk.css.template
d104ba866e1d95ffc2ad91be0a93cb43e6885c95	.local/share/bite-os/rices/ilyamiro/.config/matugen/templates/gtk.css.template
d104ba866e1d95ffc2ad91be0a93cb43e6885c95	.local/share/bite-os/rices/serpantinum/.config/matugen/templates/gtk.css.template
d120826478c888a5baa7c25d6743cfa7871adca0	.local/share/bite-os/rices/serpantinum/.local/share/serpantinum/src/quickshell/guide/wellbeing/DigitalWellbeingTab.qml
d13dedad7f54bc3655282768996240362c201fd8	.local/share/bite-os/splash/tweaks-panel.jsx
d172f9b13db96288c5fcce954083fb135f56d0fd	.config/caelestia/hypr-user.conf
d18c8defc242a210ba6b9dc023ee49cce26cb0a3	.local/share/bite-os/rices/serpantinum/.local/share/serpantinum/src/scripts/wallpaper/get_ddg_links.py
d1cb57a5e5409b37047b8a881600ef7cc1d1bdc5	.local/share/bite-os/rices/serpantinum/.local/share/serpantinum/src/quickshell/widgets/faces/DedsecBarsFace.qml
d1d05b165c38ef4b9c1daabacbd8f23aede555d5	.local/share/bite-os/rices/serpantinum/.local/share/serpantinum/src/assets/themes/Gruvbox.json
d1e2743936cd76e675815a024ac2225029972c36	.local/share/bite-os/rices/serpantinum/meta.txt
d22ddd89a0b5aa69caa647f1078facdd2ebd006b	.config/hypr/hyprland/animations.conf
d22ddd89a0b5aa69caa647f1078facdd2ebd006b	.local/share/bite-os/rices/caelestia/.config/hypr/hyprland/animations.conf
d24be551305afe8ece37aa73b0c55340dc44b72a	.config/fastfetch/config.jsonc
d24e4d2552ecd1296b44d362e80b2c44968966e0	.local/share/bite-os/rices/serpantinum/.local/share/serpantinum/src/quickshell/Main.qml
d273e84cf723ae98c809a39020575b62316c4cc6	.config/quickshell/caelestia/modules/nexus/pages/PanelsPage.qml
d273e84cf723ae98c809a39020575b62316c4cc6	.local/share/bite-os/rices/caelestia/.config/quickshell/caelestia/modules/nexus/pages/PanelsPage.qml
d28fe109b5ee22467bc16dbeff922b3d673589eb	.config/hypr/scripts/lock.sh
d28fe109b5ee22467bc16dbeff922b3d673589eb	.local/share/bite-os/rices/caelestia/.config/hypr/scripts/lock.sh
d28fe109b5ee22467bc16dbeff922b3d673589eb	.local/share/bite-os/rices/ilyamiro/.config/hypr/scripts/lock.sh
d28fe109b5ee22467bc16dbeff922b3d673589eb	.local/share/bite-os/rices/serpantinum/.config/hypr/scripts/lock.sh
d2db255544ab0446e3ac67daec665a92b69e3e15	.config/quickshell/caelestia/modules/dashboard/WeatherTab.qml
d2db255544ab0446e3ac67daec665a92b69e3e15	.local/share/bite-os/rices/caelestia/.config/quickshell/caelestia/modules/dashboard/WeatherTab.qml
d339fafd6ab58b3b3de9dbc78093dce4ae33c46b	.local/share/bite-os/rices/serpantinum/.local/share/serpantinum/src/quickshell/quickactions/actions/SystemUsage.qml
d3624c58c522c216207d3aeed5d8e3d77c1ba1d7	.config/quickshell/caelestia/components/StyledText.qml
d3624c58c522c216207d3aeed5d8e3d77c1ba1d7	.local/share/bite-os/rices/caelestia/.config/quickshell/caelestia/components/StyledText.qml
d37a7034e3bacb86ea85ce065c80cf531e136d89	.local/share/bite-os/rices/.active
d3940823ca3280ea2cef4ef506272c011dee1673	.local/share/bite-os/rices/serpantinum/.local/share/serpantinum/src/assets/themes/Moonstone.json
d3ac8067e4453e94e958ba0ac12104b3da4e076e	.local/share/bite-os/rices/serpantinum/.local/share/serpantinum/src/scripts/monitors_detect.sh
d426eed88becb32eaac2324c28425ef426d3d51b	.config/quickshell/caelestia/components/widgets/ExtraIndicator.qml
d426eed88becb32eaac2324c28425ef426d3d51b	.local/share/bite-os/rices/caelestia/.config/quickshell/caelestia/components/widgets/ExtraIndicator.qml
d462b6dd6b1ca63e6eaa6a5d97158814b66bac61	.local/share/bite-os/rices/serpantinum/.local/share/serpantinum/src/quickshell/guide/BiteOsTab.qml
d478601f8564fdfbb2d6ef4946cba38bb95e325e	.local/share/bite-os/rices/serpantinum/.config/hypr/scripts/shell-recover.sh
d4814e9466f67f73c888a80ec67e59f7a0ff264f	.config/quickshell/caelestia/assets/pam.d/fprint
d4814e9466f67f73c888a80ec67e59f7a0ff264f	.local/share/bite-os/rices/caelestia/.config/quickshell/caelestia/assets/pam.d/fprint
d49de231fb330d89223f31eb3c5c6b1457ba2c95	.config/quickshell/caelestia/modules/controlcenter/WindowTitle.qml
d49de231fb330d89223f31eb3c5c6b1457ba2c95	.local/share/bite-os/rices/caelestia/.config/quickshell/caelestia/modules/controlcenter/WindowTitle.qml
d4bc47aeda1b40c000326ab894744bcab204e3e3	.local/share/bite-os/rices/serpantinum/.local/share/serpantinum/src/assets/languages/ru.json
d4c047ebceb85226e7660143976519a623e65c73	.config/quickshell/caelestia/modules/launcher/ContentList.qml
d4c047ebceb85226e7660143976519a623e65c73	.local/share/bite-os/rices/caelestia/.config/quickshell/caelestia/modules/launcher/ContentList.qml
d501d628c48f6f6e308bc5da2399098a2ca620ba	.config/quickshell/caelestia/modules/nexus/common/AudioDeviceList.qml
d501d628c48f6f6e308bc5da2399098a2ca620ba	.local/share/bite-os/rices/caelestia/.config/quickshell/caelestia/modules/nexus/common/AudioDeviceList.qml
d516834d31189efb779875f8ee14d31fa420e901	.local/share/bite-os/rices/serpantinum/.config/serpantinum/CREDITS.md
d52789fbf1c14fb5d4f75fe03adc0c51c2bf8a82	.local/share/bite-os/rices/serpantinum/.local/share/serpantinum/src/quickshell/reusables/Input.qml
d539d0a2891580574b4bfc111a4ca89bf3489ff3	.config/quickshell/caelestia/services/Notifs.qml
d539d0a2891580574b4bfc111a4ca89bf3489ff3	.local/share/bite-os/rices/caelestia/.config/quickshell/caelestia/services/Notifs.qml
d552cf5d83443cadd48c3a4a228178ce7d0a439b	.config/quickshell/caelestia/modules/nexus/pages/bluetooth/BtDeviceInfo.qml
d552cf5d83443cadd48c3a4a228178ce7d0a439b	.local/share/bite-os/rices/caelestia/.config/quickshell/caelestia/modules/nexus/pages/bluetooth/BtDeviceInfo.qml
d5630b2338b3c2f6269a5166d29d82dc8587f296	.config/quickshell/caelestia/modules/launcher/Wrapper.qml
d5630b2338b3c2f6269a5166d29d82dc8587f296	.local/share/bite-os/rices/caelestia/.config/quickshell/caelestia/modules/launcher/Wrapper.qml
d57ce1449bc7f8edf86a11e244f1317db4b0e125	.local/share/bite-os/rices/serpantinum/.local/share/serpantinum/src/assets/logo.svg
d59c21311e2c04c12102b8405a6f85252ebb316f	.config/hypr/scripts/quickshell/WindowRegistry.js
d59c21311e2c04c12102b8405a6f85252ebb316f	.local/share/bite-os/rices/caelestia/.config/hypr/scripts/quickshell/WindowRegistry.js
d59c21311e2c04c12102b8405a6f85252ebb316f	.local/share/bite-os/rices/ilyamiro/.config/hypr/scripts/quickshell/WindowRegistry.js
d59c21311e2c04c12102b8405a6f85252ebb316f	.local/share/bite-os/rices/serpantinum/.config/hypr/scripts/quickshell/WindowRegistry.js
d5a04f442d8f509a563f8ca75506c134e08929ff	.config/matugen/templates/qs_colors.json.template
d5a04f442d8f509a563f8ca75506c134e08929ff	.local/share/bite-os/rices/caelestia/.config/matugen/templates/qs_colors.json.template
d5a04f442d8f509a563f8ca75506c134e08929ff	.local/share/bite-os/rices/ilyamiro/.config/matugen/templates/qs_colors.json.template
d5a04f442d8f509a563f8ca75506c134e08929ff	.local/share/bite-os/rices/serpantinum/.config/matugen/templates/qs_colors.json.template
d5ed26a809a6a364ac59cc744620ae6556a89e3a	.config/quickshell/ilyamiro-shell/calendar/diary_manager.sh
d5ed26a809a6a364ac59cc744620ae6556a89e3a	.local/share/bite-os/rices/caelestia/.config/quickshell/ilyamiro-shell/calendar/diary_manager.sh
d63a9123333b1764481bac4748a16ed79c90f344	.local/share/bite-os/rices/serpantinum/.local/share/serpantinum/src/quickshell/reusables/IconButton.qml
d66620f1fea0336a530c0b2e06a1a0aec0e32f80	.config/quickshell/caelestia/modules/controlcenter/network/EthernetPane.qml
d66620f1fea0336a530c0b2e06a1a0aec0e32f80	.local/share/bite-os/rices/caelestia/.config/quickshell/caelestia/modules/controlcenter/network/EthernetPane.qml
d7885c30bb30333f5eb8881d89f29e3701f29e91	.config/quickshell/caelestia/components/controls/CustomSpinBox.qml
d7885c30bb30333f5eb8881d89f29e3701f29e91	.local/share/bite-os/rices/caelestia/.config/quickshell/caelestia/components/controls/CustomSpinBox.qml
d7f247d93c4ab9b78401187720ac9ed0d353ef46	.local/share/bite-os/rices/serpantinum/.local/share/serpantinum/src/assets/languages/de.json
d8700ecd929c54f973db39ee5536f5d84b3760a1	.config/quickshell/caelestia/modules/controlcenter/network/NetworkSettings.qml
d8700ecd929c54f973db39ee5536f5d84b3760a1	.local/share/bite-os/rices/caelestia/.config/quickshell/caelestia/modules/controlcenter/network/NetworkSettings.qml
d8869b83f9891e84e50c4ee8c5c5a3a6c0c5784f	.config/quickshell/caelestia/components/filedialog/FolderContents.qml
d8869b83f9891e84e50c4ee8c5c5a3a6c0c5784f	.local/share/bite-os/rices/caelestia/.config/quickshell/caelestia/components/filedialog/FolderContents.qml
d8f3a1015388ac807d3877cf4c10d59e885f52f1	.local/share/bite-os/rices/serpantinum/.local/share/serpantinum/src/quickshell/qmldir
d8f9a462d31a63a8c45a8e98bc1641f7e9677012	.config/quickshell/caelestia/modules/bar/popouts/kblayout/KbLayout.qml
d8f9a462d31a63a8c45a8e98bc1641f7e9677012	.local/share/bite-os/rices/caelestia/.config/quickshell/caelestia/modules/bar/popouts/kblayout/KbLayout.qml
d8fb0926943c71b2b3e0a0a2c0ed8ce88633ad08	.local/share/bite-os/rices/serpantinum/.local/share/serpantinum/src/quickshell/idle/Idle.qml
d90de6125656f2e534c7f462092e506f0b21262d	.local/share/bite-os/rices/serpantinum/.local/share/serpantinum/src/quickshell/guide/wellbeing/DigitalWellbeingTab.qml
d90fcc48245b5d813eea6b95d00f88c1632b41e9	.config/quickshell/caelestia/modules/bar/components/workspaces/SpecialWorkspaces.qml
d90fcc48245b5d813eea6b95d00f88c1632b41e9	.local/share/bite-os/rices/caelestia/.config/quickshell/caelestia/modules/bar/components/workspaces/SpecialWorkspaces.qml
d9266b34ee6c09a16cd97125c8dda62c46ec8d7a	.config/quickshell/caelestia/modules/controlcenter/network/VpnList.qml
d9266b34ee6c09a16cd97125c8dda62c46ec8d7a	.local/share/bite-os/rices/caelestia/.config/quickshell/caelestia/modules/controlcenter/network/VpnList.qml
d927d9af4c3655d04c21cb46d4849614c8f79399	.config/quickshell/caelestia/modules/lock/center/Clock.qml
d927d9af4c3655d04c21cb46d4849614c8f79399	.local/share/bite-os/rices/caelestia/.config/quickshell/caelestia/modules/lock/center/Clock.qml
d92fe6a9dc0a86b3ac79b43012d8ea13be1700c4	.local/share/bite-os/rices/serpantinum/.local/share/serpantinum/src/assets/themes/Benitoite.json
d94c3a6e8c2520aa31a4e7c6d1d1cf32100f8599	.config/quickshell/caelestia/components/ConnectionInfoSection.qml
d94c3a6e8c2520aa31a4e7c6d1d1cf32100f8599	.local/share/bite-os/rices/caelestia/.config/quickshell/caelestia/components/ConnectionInfoSection.qml
d971940a940decbb7d41703cbebf2954f3122c2f	.config/quickshell/caelestia/modules/bar/components/workspaces/OccupiedBg.qml
d971940a940decbb7d41703cbebf2954f3122c2f	.local/share/bite-os/rices/caelestia/.config/quickshell/caelestia/modules/bar/components/workspaces/OccupiedBg.qml
d97f70d56de649e7abc047722bc5d30fc1256a9c	.local/share/bite-os/rices/serpantinum/.local/share/serpantinum/src/assets/themes/Flexoki Dark.json
da37dca53a000d2345c97b9c4ced2bda1f628488	.local/share/bite-os/rices/serpantinum/.local/share/serpantinum/src/assets/fonts/GohuFontuni14NerdFont-Regular.ttf
da445426a1633c347978af73f3dbb3223b28d7da	.config/hypr/hyprland.conf
da445426a1633c347978af73f3dbb3223b28d7da	.local/share/bite-os/rices/caelestia/.config/hypr/hyprland.conf
da72dc2fbfdc47b316144629bada08df8429f517	.config/quickshell/caelestia/modules/lock/InputField.qml
da72dc2fbfdc47b316144629bada08df8429f517	.local/share/bite-os/rices/caelestia/.config/quickshell/caelestia/modules/lock/InputField.qml
da788fd500304ca8088007a472f99be305f7e39a	.config/hypr/scripts/quickshell/music/player_control.sh
da788fd500304ca8088007a472f99be305f7e39a	.config/quickshell/ilyamiro-shell/music/player_control.sh
da788fd500304ca8088007a472f99be305f7e39a	.local/share/bite-os/rices/caelestia/.config/hypr/scripts/quickshell/music/player_control.sh
da788fd500304ca8088007a472f99be305f7e39a	.local/share/bite-os/rices/caelestia/.config/quickshell/ilyamiro-shell/music/player_control.sh
da788fd500304ca8088007a472f99be305f7e39a	.local/share/bite-os/rices/ilyamiro/.config/hypr/scripts/quickshell/music/player_control.sh
da788fd500304ca8088007a472f99be305f7e39a	.local/share/bite-os/rices/serpantinum/.config/hypr/scripts/quickshell/music/player_control.sh
dab1d606f86710a114a4875303231d5433d94c64	.config/quickshell/caelestia/modules/drawers/ContentWindow.qml
dab1d606f86710a114a4875303231d5433d94c64	.local/share/bite-os/rices/caelestia/.config/quickshell/caelestia/modules/drawers/ContentWindow.qml
dac6226e867230c76e34ba871ad1823bb54b7301	.config/quickshell/caelestia/modules/controlcenter/appearance/sections/ScalesSection.qml
dac6226e867230c76e34ba871ad1823bb54b7301	.local/share/bite-os/rices/caelestia/.config/quickshell/caelestia/modules/controlcenter/appearance/sections/ScalesSection.qml
dac6a81f5f2cfbeb5d9ec37dc19b92c15f68f25f	.local/share/bite-os/rices/serpantinum/.local/share/serpantinum/src/quickshell/widgets/faces/WidgetSavesFace.qml
dae00e9f4a79f2599e3d59e5ca27028b3d86eff7	.local/share/bite-os/rices/serpantinum/.local/share/serpantinum/src/quickshell/guide/general/LocationInfo.qml
dafc941175a457381b2a5a22fbacbf8364d800fd	.config/quickshell/caelestia/modules/nexus/common/PopupRow.qml
dafc941175a457381b2a5a22fbacbf8364d800fd	.local/share/bite-os/rices/caelestia/.config/quickshell/caelestia/modules/nexus/common/PopupRow.qml
dafd7ba83168682c474e42db7f2d0d114f6bb539	.config/quickshell/caelestia/modules/lock/center/ProfilePic.qml
dafd7ba83168682c474e42db7f2d0d114f6bb539	.local/share/bite-os/rices/caelestia/.config/quickshell/caelestia/modules/lock/center/ProfilePic.qml
db2688ef88f61bc43661f43e7159f13bb49f77a0	.config/quickshell/caelestia/modules/controlcenter/components/WallpaperGrid.qml
db2688ef88f61bc43661f43e7159f13bb49f77a0	.local/share/bite-os/rices/caelestia/.config/quickshell/caelestia/modules/controlcenter/components/WallpaperGrid.qml
db7abdf92506b3ae7aca53e2445b74a90047708a	.config/quickshell/caelestia/modules/launcher/ContentList.qml
db7abdf92506b3ae7aca53e2445b74a90047708a	.local/share/bite-os/rices/caelestia/.config/quickshell/caelestia/modules/launcher/ContentList.qml
db83cfa1b553a521c390ffc0ca8fd990b435b2d1	.local/share/bite-os/rices/serpantinum/.local/share/serpantinum/src/quickshell/bar/modules/TrayWidget.qml
db95b98da709074382abc34f628c236b5c846b3d	.config/quickshell/caelestia/modules/bar/components/Tray.qml
db95b98da709074382abc34f628c236b5c846b3d	.local/share/bite-os/rices/caelestia/.config/quickshell/caelestia/modules/bar/components/Tray.qml
dbd30345edc90878d1776fd9ee1a96e8575aad8c	.config/quickshell/caelestia/modules/bar/popouts/Battery.qml
dbd30345edc90878d1776fd9ee1a96e8575aad8c	.local/share/bite-os/rices/caelestia/.config/quickshell/caelestia/modules/bar/popouts/Battery.qml
dbdd638b3a27601c3d5cd2072b9a0bb71d710d07	.config/glitch/bin/glitch-power.sh
dbffc7396da65feb5164ad0c5119c643459d1c10	.local/share/bite-os/rices/serpantinum/.local/share/serpantinum/src/assets/themes/Alexandrite.json
dc2ef8cf57ddef9e2ce217dd7e38937d38bf952e	.config/quickshell/caelestia/modules/bar/popouts/ActiveWindow.qml
dc2ef8cf57ddef9e2ce217dd7e38937d38bf952e	.local/share/bite-os/rices/caelestia/.config/quickshell/caelestia/modules/bar/popouts/ActiveWindow.qml
dc52c19c1d6de7e470d7b9f3681f9b723ab346ae	.config/quickshell/caelestia/components/controls/SpinBoxRow.qml
dc52c19c1d6de7e470d7b9f3681f9b723ab346ae	.local/share/bite-os/rices/caelestia/.config/quickshell/caelestia/components/controls/SpinBoxRow.qml
dcd599b1ed7b01868a3ae14c188bb0bb9ec864eb	.config/quickshell/caelestia/modules/launcher/items/WallpaperItem.qml
dcd599b1ed7b01868a3ae14c188bb0bb9ec864eb	.local/share/bite-os/rices/caelestia/.config/quickshell/caelestia/modules/launcher/items/WallpaperItem.qml
dd1d0daf24869d588137cf2a80192fbd584be101	.config/hypr/scripts/quickshell/guide/previews/preview_network.png
dd1d0daf24869d588137cf2a80192fbd584be101	.config/quickshell/ilyamiro-shell/guide/previews/preview_network.png
dd1d0daf24869d588137cf2a80192fbd584be101	.local/share/bite-os/rices/caelestia/.config/hypr/scripts/quickshell/guide/previews/preview_network.png
dd1d0daf24869d588137cf2a80192fbd584be101	.local/share/bite-os/rices/caelestia/.config/quickshell/ilyamiro-shell/guide/previews/preview_network.png
dd1d0daf24869d588137cf2a80192fbd584be101	.local/share/bite-os/rices/ilyamiro/.config/hypr/scripts/quickshell/guide/previews/preview_network.png
dd1d0daf24869d588137cf2a80192fbd584be101	.local/share/bite-os/rices/serpantinum/.config/hypr/scripts/quickshell/guide/previews/preview_network.png
dd5d827f734ceccc6fe12059620ef4378efc5715	.local/share/bite-os/rices/serpantinum/.local/share/serpantinum/src/assets/themes/Garnet.json
dd62dc3666bdc2f03209419264d04a0923a53159	.config/quickshell/caelestia/components/AnchorAnim.qml
dd62dc3666bdc2f03209419264d04a0923a53159	.local/share/bite-os/rices/caelestia/.config/quickshell/caelestia/components/AnchorAnim.qml
dd720e36a766c5e3467999936a06b6c32cda66d1	.config/hypr/scripts/wsaction.fish
dd720e36a766c5e3467999936a06b6c32cda66d1	.local/share/bite-os/rices/caelestia/.config/hypr/scripts/wsaction.fish
ddb6983c0dd742d9cb799211dddd9eefc8da7e72	.config/quickshell/caelestia/modules/nexus/common/NetworkList.qml
ddb6983c0dd742d9cb799211dddd9eefc8da7e72	.local/share/bite-os/rices/caelestia/.config/quickshell/caelestia/modules/nexus/common/NetworkList.qml
ddd3754263f0fefaa4b4968c39d1346957eccb19	.config/quickshell/caelestia/modules/sidebar/NotifGroup.qml
ddd3754263f0fefaa4b4968c39d1346957eccb19	.local/share/bite-os/rices/caelestia/.config/quickshell/caelestia/modules/sidebar/NotifGroup.qml
de2f487251e4b77a71d51f5d06f85891d22af5ee	.config/quickshell/caelestia/modules/IdleMonitors.qml
de2f487251e4b77a71d51f5d06f85891d22af5ee	.local/share/bite-os/rices/caelestia/.config/quickshell/caelestia/modules/IdleMonitors.qml
deab72e3d22994edcb38a2f599d4d6698f86bd94	.local/share/bite-os/rices/serpantinum/.local/share/serpantinum/src/quickshell/reusables/Switch.qml
decc75ada6f5fc7913b6a84ae31859199dbcbf89	.config/glitch/bin/dots-switch.sh
decd2ba1003da8ad99311041b668610236ea17e4	.config/quickshell/ilyamiro-shell/Main.qml
decd2ba1003da8ad99311041b668610236ea17e4	.local/share/bite-os/rices/caelestia/.config/quickshell/ilyamiro-shell/Main.qml
dee68d1fae301fe37d82e189b390add4d007159a	.local/share/bite-os/rices/serpantinum/.local/share/serpantinum/src/quickshell/widgets/faces/ClockFaceAnalog.qml
deffb3dd5117ce92b296d1b662c8dca395fb9e27	.config/hypr/hyprland/execs.conf
df2332b17e02be38638333b316273a5a3594d05e	.local/share/bite-os/rices/serpantinum/.local/share/serpantinum/src/quickshell/widgets/faces/DedsecHexFace.qml
df445519b52076927df8365bf7baf80aed4693fa	.config/hypr/hyprland/keybinds.conf
df5b21ae439646fbc7235920a7f5c144c879b83a	.config/quickshell/caelestia/modules/nexus/common/ConnectedRect.qml
df5b21ae439646fbc7235920a7f5c144c879b83a	.local/share/bite-os/rices/caelestia/.config/quickshell/caelestia/modules/nexus/common/ConnectedRect.qml
df8adaa9545b44d7303aa155544afb188ef16629	.config/quickshell/caelestia/modules/ServiceLoader.qml
df8adaa9545b44d7303aa155544afb188ef16629	.local/share/bite-os/rices/caelestia/.config/quickshell/caelestia/modules/ServiceLoader.qml
df9b72bc84ae62994956bf4a9faf1d4e04dc15ff	.config/glitch/templates/centered.jsonc
df9b72bc84ae62994956bf4a9faf1d4e04dc15ff	.config/glitch/templates/side-by-side.jsonc
df9b72bc84ae62994956bf4a9faf1d4e04dc15ff	.config/glitch/templates/vertical.jsonc
dfb4d5737a93101ff74c79a17e23bcf7a249fd4d	.config/hypr/config/rules.conf
dfb4d5737a93101ff74c79a17e23bcf7a249fd4d	.local/share/bite-os/rices/caelestia/.config/hypr/config/rules.conf
dfb4d5737a93101ff74c79a17e23bcf7a249fd4d	.local/share/bite-os/rices/ilyamiro/.config/hypr/config/rules.conf
dfb4d5737a93101ff74c79a17e23bcf7a249fd4d	.local/share/bite-os/rices/serpantinum/.config/hypr/config/rules.conf
dff66cc50702c75abd025dcf49f62a4dcc2d72de	.local/share/bite-os/rices/serpantinum/.local/share/serpantinum/src/assets/fonts/JetBrainsMono-Regular.ttf
dffad6e0c998a8b584e446f8bc05215b55ae8019	.config/hypr/scripts/launch_qs.sh
dffad6e0c998a8b584e446f8bc05215b55ae8019	.local/share/bite-os/rices/caelestia/.config/hypr/scripts/launch_qs.sh
e00fb20dcc0ca6b9707b1c986212380dc8ac66e9	.local/share/bite-os/rices/caelestia/.config/caelestia/hypr-user.conf
e02bfafbc95a8a50cc9d14c91f3355c7b5652f9a	.config/quickshell/caelestia/modules/controlcenter/network/NetworkingPane.qml
e02bfafbc95a8a50cc9d14c91f3355c7b5652f9a	.local/share/bite-os/rices/caelestia/.config/quickshell/caelestia/modules/controlcenter/network/NetworkingPane.qml
e03c546fd6cb1c97a55dba2597c9425344fa5aec	.config/quickshell/caelestia/modules/utilities/Content.qml
e03c546fd6cb1c97a55dba2597c9425344fa5aec	.local/share/bite-os/rices/caelestia/.config/quickshell/caelestia/modules/utilities/Content.qml
e09c3b84dfee5a95983062896776e6dcec2854ba	.config/hypr/hyprland/execs.conf
e09c3b84dfee5a95983062896776e6dcec2854ba	.local/share/bite-os/rices/caelestia/.config/hypr/hyprland/execs.conf
e0b29d6c8d5d736429a7a7c3253fd94f6737f83c	.local/share/bite-os/rices/serpantinum/.local/share/serpantinum/src/quickshell/Shell.qml
e168f124bb1df669117a4dd10fb9508d246c620c	.config/quickshell/caelestia/modules/nexus/pages/panels/DashboardPanel.qml
e168f124bb1df669117a4dd10fb9508d246c620c	.local/share/bite-os/rices/caelestia/.config/quickshell/caelestia/modules/nexus/pages/panels/DashboardPanel.qml
e17687e1625bb3a9a15898eae3d4334b1df8f6b1	.config/quickshell/caelestia/services/Hypr.qml
e17687e1625bb3a9a15898eae3d4334b1df8f6b1	.local/share/bite-os/rices/caelestia/.config/quickshell/caelestia/services/Hypr.qml
e1fa6e8fe0ed5da4c6f16b7d1bd50b6a809f114d	.config/quickshell/caelestia/assets/google-sans-flex/LICENSE
e1fa6e8fe0ed5da4c6f16b7d1bd50b6a809f114d	.local/share/bite-os/rices/caelestia/.config/quickshell/caelestia/assets/google-sans-flex/LICENSE
e2af3c0153dd11ec93c05dbdc1bbda04226344a2	.config/quickshell/caelestia/modules/dashboard/dash/Calendar.qml
e2af3c0153dd11ec93c05dbdc1bbda04226344a2	.local/share/bite-os/rices/caelestia/.config/quickshell/caelestia/modules/dashboard/dash/Calendar.qml
e304ba4cc71df67b41745f67d4f5a86322d3fccf	.config/hypr/scripts/quickshell/Lock.qml
e304ba4cc71df67b41745f67d4f5a86322d3fccf	.local/share/bite-os/rices/caelestia/.config/hypr/scripts/quickshell/Lock.qml
e304ba4cc71df67b41745f67d4f5a86322d3fccf	.local/share/bite-os/rices/ilyamiro/.config/hypr/scripts/quickshell/Lock.qml
e304ba4cc71df67b41745f67d4f5a86322d3fccf	.local/share/bite-os/rices/serpantinum/.config/hypr/scripts/quickshell/Lock.qml
e369c60573805618bc7be300896cb2b4e8517688	.local/share/bite-os/rices/serpantinum/.local/share/serpantinum/src/quickshell/reusables/SystemUsageCard.qml
e3839681037821fbb59230951021488b1800e9ad	.config/quickshell/caelestia/modules/controlcenter/Session.qml
e3839681037821fbb59230951021488b1800e9ad	.local/share/bite-os/rices/caelestia/.config/quickshell/caelestia/modules/controlcenter/Session.qml
e390767bff79ae29cc521ec4fb25eb005b015fdd	.local/share/bite-os/rices/serpantinum/.local/share/serpantinum/src/quickshell/bar/sidemodules/SideVisWidget.qml
e39744caa3cf29e1ce10a5aeef1fa9a61981b3c6	.config/quickshell/caelestia/modules/controlcenter/network/WirelessDetails.qml
e39744caa3cf29e1ce10a5aeef1fa9a61981b3c6	.local/share/bite-os/rices/caelestia/.config/quickshell/caelestia/modules/controlcenter/network/WirelessDetails.qml
e39e72e75fb74332631f825fa3f9f7805c775125	.config/quickshell/caelestia/components/StyledText.qml
e39e72e75fb74332631f825fa3f9f7805c775125	.local/share/bite-os/rices/caelestia/.config/quickshell/caelestia/components/StyledText.qml
e3e2c12af826b0f3bc24cff51af05aac71646c03	.local/share/bite-os/rices/serpantinum/.local/share/serpantinum/src/assets/themes/Ayu Dark.json
e40ba7aa017a5c8e73adcae7358a468a99acbb05	.local/share/bite-os/rices/serpantinum/.local/share/serpantinum/src/quickshell/bar/modules/TimeDateWidget.qml
e42ff9bba50ca8f239418736a93ec5a3d7fec85f	.config/hypr/scripts/quickshell/watchers/bt_fetch.sh
e42ff9bba50ca8f239418736a93ec5a3d7fec85f	.config/quickshell/ilyamiro-shell/watchers/bt_fetch.sh
e42ff9bba50ca8f239418736a93ec5a3d7fec85f	.local/share/bite-os/rices/caelestia/.config/hypr/scripts/quickshell/watchers/bt_fetch.sh
e42ff9bba50ca8f239418736a93ec5a3d7fec85f	.local/share/bite-os/rices/caelestia/.config/quickshell/ilyamiro-shell/watchers/bt_fetch.sh
e42ff9bba50ca8f239418736a93ec5a3d7fec85f	.local/share/bite-os/rices/ilyamiro/.config/hypr/scripts/quickshell/watchers/bt_fetch.sh
e42ff9bba50ca8f239418736a93ec5a3d7fec85f	.local/share/bite-os/rices/serpantinum/.config/hypr/scripts/quickshell/watchers/bt_fetch.sh
e44796eed99ea4d75def112172f3ee49af04ffae	.config/hypr/scripts/quickshell/Main.qml
e44796eed99ea4d75def112172f3ee49af04ffae	.local/share/bite-os/rices/caelestia/.config/hypr/scripts/quickshell/Main.qml
e44796eed99ea4d75def112172f3ee49af04ffae	.local/share/bite-os/rices/caelestia/.config/quickshell/ilyamiro-shell/Main.qml
e44796eed99ea4d75def112172f3ee49af04ffae	.local/share/bite-os/rices/ilyamiro/.config/hypr/scripts/quickshell/Main.qml
e44796eed99ea4d75def112172f3ee49af04ffae	.local/share/bite-os/rices/serpantinum/.config/hypr/scripts/quickshell/Main.qml
e45951e7969b58f28743714e0962ef1be54c5e3e	.config/quickshell/caelestia/services/Audio.qml
e45951e7969b58f28743714e0962ef1be54c5e3e	.local/share/bite-os/rices/caelestia/.config/quickshell/caelestia/services/Audio.qml
e4adde6c40787ed09407109d195a1646818b8dba	.config/hypr/scripts/ppd-spaceship-watch.sh
e4adde6c40787ed09407109d195a1646818b8dba	.local/share/bite-os/rices/caelestia/.config/hypr/scripts/ppd-spaceship-watch.sh
e4cdf239a8d051200de68db21a64af3a6c96548c	.config/quickshell/caelestia/modules/nexus/common/SliderRow.qml
e4cdf239a8d051200de68db21a64af3a6c96548c	.local/share/bite-os/rices/caelestia/.config/quickshell/caelestia/modules/nexus/common/SliderRow.qml
e4dcef5c68ae10b3beaa0eb51a2417c72d855e6a	.local/share/bite-os/rices/serpantinum/.local/share/serpantinum/src/quickshell/singletons/system/FirstLaunch.qml
e4f801f423af1f10b78948572a2043763cbad5aa	.local/share/bite-os/rices/serpantinum/.local/share/serpantinum/src/quickshell/widgets/faces/RiceFace.qml
e5624d5a121ed7bfdc0396ff15c9af862337d45a	.local/share/bite-os/rices/serpantinum/.local/share/serpantinum/src/assets/themes/Ayu Mirage.json
e6322ebc7e83562814ec95c6d94120f862a953e0	.local/share/bite-os/rices/serpantinum/.local/share/serpantinum/src/assets/fonts/AdwaitaMonoNerdFont-Regular.ttf
e642b466386922f4d5e3c0c879a1d4d4ca11bf11	.config/quickshell/caelestia/modules/dashboard/media/CoverVisualiser.qml
e642b466386922f4d5e3c0c879a1d4d4ca11bf11	.local/share/bite-os/rices/caelestia/.config/quickshell/caelestia/modules/dashboard/media/CoverVisualiser.qml
e651b73003dd2745d4a6abd5ccfac65131bf08d8	.local/share/bite-os/rices/serpantinum/.local/share/serpantinum/src/assets/themes/Tokyo.json
e69de29bb2d1d6434b8b29ae775ad8c2e48c5391	.config/caelestia/hypr-vars.conf
e69de29bb2d1d6434b8b29ae775ad8c2e48c5391	.local/share/bite-os/rices/caelestia/.config/caelestia/hypr-vars.conf
e69de29bb2d1d6434b8b29ae775ad8c2e48c5391	.local/share/bite-os/rices/serpantinum/.local/share/serpantinum/src/assets/themes/Nightfox.json
e6f5956645977a137a1508d331ca01540d3f84e8	.local/share/bite-os/rices/serpantinum/.local/share/serpantinum/src/quickshell/bar/sidemodules/system/SideKbWidget.qml
e71f90ae77180b41ec7cf8aa093b60ef34004302	.config/hypr/scripts/quickshell/calendar/weather.sh
e71f90ae77180b41ec7cf8aa093b60ef34004302	.local/share/bite-os/rices/caelestia/.config/hypr/scripts/quickshell/calendar/weather.sh
e71f90ae77180b41ec7cf8aa093b60ef34004302	.local/share/bite-os/rices/ilyamiro/.config/hypr/scripts/quickshell/calendar/weather.sh
e71f90ae77180b41ec7cf8aa093b60ef34004302	.local/share/bite-os/rices/serpantinum/.config/hypr/scripts/quickshell/calendar/weather.sh
e7c5b3d14bc3c4b8cd0998a39b9839b8d84a0338	.config/quickshell/caelestia/modules/lock/Resources.qml
e7c5b3d14bc3c4b8cd0998a39b9839b8d84a0338	.local/share/bite-os/rices/caelestia/.config/quickshell/caelestia/modules/lock/Resources.qml
e7cc69e17189bea8e69c8a4e8bd32eb221691fa5	.local/share/bite-os/rices/serpantinum/.local/share/serpantinum/src/assets/themes/Morganite.json
e7f11babe92b01eaa361d2032ac6cad97d2288ec	.config/quickshell/caelestia/modules/launcher/items/CalcItem.qml
e7f11babe92b01eaa361d2032ac6cad97d2288ec	.local/share/bite-os/rices/caelestia/.config/quickshell/caelestia/modules/launcher/items/CalcItem.qml
e83e0ea426d0f6853c476ed5f59f6072a5ad11fe	.config/hypr/hyprland.conf
e83e0ea426d0f6853c476ed5f59f6072a5ad11fe	.local/share/bite-os/rices/ilyamiro/.config/hypr/hyprland.conf
e8b21336da60aa9547fcecb3f9858f1aa7996b48	.local/share/bite-os/rices/serpantinum/.local/share/serpantinum/src/quickshell/guide/OnScreenDisplayTab.qml
e8dc92032e640024ea6adc4b1b41a33ba2f0b47a	.config/quickshell/caelestia/modules/bar/popouts/Audio.qml
e8dc92032e640024ea6adc4b1b41a33ba2f0b47a	.local/share/bite-os/rices/caelestia/.config/quickshell/caelestia/modules/bar/popouts/Audio.qml
e8debdb905e4f7fd763a7afc97089145067a29ad	.local/share/bite-os/rices/serpantinum/.local/share/serpantinum/src/quickshell/reusables/FilePicker.qml
e92e29ddf8a95def34584e51788afe1435ee1c11	.local/share/bite-os/rices/serpantinum/.local/share/serpantinum/src/assets/fonts/BlexMonoNerdFont-Bold.ttf
e93a5a06b5afe59de069b94ce9b50e36d5b44df1	.config/quickshell/caelestia/modules/session/Wrapper.qml
e93a5a06b5afe59de069b94ce9b50e36d5b44df1	.local/share/bite-os/rices/caelestia/.config/quickshell/caelestia/modules/session/Wrapper.qml
e95d978a12de0c3fb7b98f7fa26f6b326be50f40	.local/share/bite-os/rices/serpantinum/.local/share/serpantinum/src/quickshell/notifications/NotificationManager.qml
e97468b0a0011f41f6afb83001d09b9e523f9d60	.local/share/bite-os/rices/serpantinum/.local/share/serpantinum/src/assets/themes/Jasper.json
e9b1c503dcda9af3327fa8cfe732301e6122cb97	.config/glitch/bin/blend-toggle.sh
e9b4a934d57b10fae884527edb2992563a3e7456	.config/matugen/templates/swayosd.css.template
e9b4a934d57b10fae884527edb2992563a3e7456	.local/share/bite-os/rices/caelestia/.config/matugen/templates/swayosd.css.template
e9b4a934d57b10fae884527edb2992563a3e7456	.local/share/bite-os/rices/ilyamiro/.config/matugen/templates/swayosd.css.template
e9b4a934d57b10fae884527edb2992563a3e7456	.local/share/bite-os/rices/serpantinum/.config/matugen/templates/swayosd.css.template
e9c0918bf8e9ac8af5186b0e16364aab3103181b	.config/quickshell/caelestia/components/filedialog/Sidebar.qml
e9c0918bf8e9ac8af5186b0e16364aab3103181b	.local/share/bite-os/rices/caelestia/.config/quickshell/caelestia/components/filedialog/Sidebar.qml
ea44d9c60d40619fda8e8e9603e388ee92b88dd6	.local/share/bite-os/rices/serpantinum/.local/share/serpantinum/src/quickshell/guide/AboutTab.qml
ea5d7eb316b38a8cde73fae3912a450563ae031a	.config/quickshell/caelestia/services/Nmcli.qml
ea5d7eb316b38a8cde73fae3912a450563ae031a	.local/share/bite-os/rices/caelestia/.config/quickshell/caelestia/services/Nmcli.qml
ea6c68b3e83a2b06ee8a25dc25990571e9df692a	.config/quickshell/caelestia/modules/controlcenter/dashboard/PerformanceSection.qml
ea6c68b3e83a2b06ee8a25dc25990571e9df692a	.local/share/bite-os/rices/caelestia/.config/quickshell/caelestia/modules/controlcenter/dashboard/PerformanceSection.qml
ea798aa5716d87b7dfeb417913bfe17dd57b04fe	.local/share/bite-os/rices/serpantinum/.local/share/serpantinum/src/assets/themes/Zircon.json
ea97c70fd37628a00e91618ddf20700507f739d9	.local/share/bite-os/rices/serpantinum/.local/share/serpantinum/src/quickshell/bar/sidemodules/SideTrayWidget.qml
eaac97d70f5f00de5478fed85479b832fd3514d0	.config/hypr/scripts/quickshell/network/NetworkPopup.qml
eaac97d70f5f00de5478fed85479b832fd3514d0	.local/share/bite-os/rices/caelestia/.config/hypr/scripts/quickshell/network/NetworkPopup.qml
eaac97d70f5f00de5478fed85479b832fd3514d0	.local/share/bite-os/rices/ilyamiro/.config/hypr/scripts/quickshell/network/NetworkPopup.qml
eaac97d70f5f00de5478fed85479b832fd3514d0	.local/share/bite-os/rices/serpantinum/.config/hypr/scripts/quickshell/network/NetworkPopup.qml
eb2230c64efe06572497a307bfbfe38361b3a187	.local/share/bite-os/rices/serpantinum/.config/hypr/config/keybindings.conf
eb6da0d621bcc9dd59fe3302cfcf564c8cf122ca	.config/quickshell/caelestia/modules/bar/components/status/LockStatus.qml
eb6da0d621bcc9dd59fe3302cfcf564c8cf122ca	.local/share/bite-os/rices/caelestia/.config/quickshell/caelestia/modules/bar/components/status/LockStatus.qml
ebc0caf26b2002daa5d1f88948d5ed13f5e931a2	.config/quickshell/caelestia/modules/bar/components/workspaces/ActiveIndicator.qml
ebc0caf26b2002daa5d1f88948d5ed13f5e931a2	.local/share/bite-os/rices/caelestia/.config/quickshell/caelestia/modules/bar/components/workspaces/ActiveIndicator.qml
ebebb7543ebaa5bdec2b9e6b1ca99ae54eba7fdd	.local/share/bite-os/rices/serpantinum/.local/share/serpantinum/src/quickshell/launcher/Launcher.qml
ebf21de30ee83f232e273d8cb29de34e67e7d3ab	.config/quickshell/caelestia/modules/bar/popouts/Bluetooth.qml
ebf21de30ee83f232e273d8cb29de34e67e7d3ab	.local/share/bite-os/rices/caelestia/.config/quickshell/caelestia/modules/bar/popouts/Bluetooth.qml
eca07e4c1a8cbc603e5d5c2885dc0f0f9b1eef8d	.local/share/bite-os/rices/serpantinum/.local/share/serpantinum/src/version.txt
eca07e4c1a8cbc603e5d5c2885dc0f0f9b1eef8d	.local/share/bite-os/rices/serpantinum/.local/share/serpantinum/version.txt
ecc1b2725b6b4f8148673905b52a58b767c74345	.local/share/bite-os/rices/serpantinum/.local/share/serpantinum/src/quickshell/widgets/faces/WorkspaceMapFace.qml
ecd859a761a9dafac361b8a04942ec8fae9ad337	.local/share/bite-os/rices/caelestia/.config/cava/shaders/northern_lights.frag
ecd859a761a9dafac361b8a04942ec8fae9ad337	.local/share/bite-os/rices/serpantinum/.config/cava/shaders/northern_lights.frag
ed0b3ca80834a5c58e850a8baf1c008a9746c1d6	.local/share/bite-os/rices/serpantinum/.local/share/serpantinum/src/assets/languages/vi.json
ed71ca7c78fd6a630148829f97974cdbfe0bfbab	.config/quickshell/caelestia/modules/nexus/common/RowButton.qml
ed71ca7c78fd6a630148829f97974cdbfe0bfbab	.local/share/bite-os/rices/caelestia/.config/quickshell/caelestia/modules/nexus/common/RowButton.qml
ed787b66e284053e1759e8a2e002fceb5bc4e6fd	.config/quickshell/caelestia/modules/sidebar/NotifActionList.qml
ed787b66e284053e1759e8a2e002fceb5bc4e6fd	.local/share/bite-os/rices/caelestia/.config/quickshell/caelestia/modules/sidebar/NotifActionList.qml
eda4e213a072bbbc504ddef378f53f5c218d3f2f	.config/quickshell/caelestia/modules/controlcenter/notifications/NotificationsPane.qml
eda4e213a072bbbc504ddef378f53f5c218d3f2f	.local/share/bite-os/rices/caelestia/.config/quickshell/caelestia/modules/controlcenter/notifications/NotificationsPane.qml
edf2de64d57ceb5405156fa2e12419f336fa503b	.config/hypr/scripts/settings_watcher.sh
edf2de64d57ceb5405156fa2e12419f336fa503b	.local/share/bite-os/rices/caelestia/.config/hypr/scripts/settings_watcher.sh
edf2de64d57ceb5405156fa2e12419f336fa503b	.local/share/bite-os/rices/ilyamiro/.config/hypr/scripts/settings_watcher.sh
ee021b5f8919920bd6b71f1ad3c67827cb097e8b	.local/share/bite-os/rices/serpantinum/.local/share/serpantinum/bin/serpantinum
ee291764c5f7a8c7137289d6f66142ce2246f1ee	.config/quickshell/ilyamiro-shell/TopBar.qml
ee2dcf4e27fc6da593ca52fffd1ae8a1ab2ad281	.local/share/bite-os/rices/serpantinum/.local/share/serpantinum/src/quickshell/guide/AboutTab.qml
ee458ff08d564ff8481f935db881330990a508aa	.local/share/bite-os/rices/serpantinum/.local/share/serpantinum/src/scripts/system/hibernate.sh
ee5cc18b29ea9842f7ba8f07c644afb95cb9b256	.local/share/bite-os/rices/serpantinum/.local/share/serpantinum/src/scripts/reload.sh
eea56af1430c50cdcc77762b15bb8a76c9b66bd3	.config/hypr/scripts/quickshell/music/music_info.sh
eea56af1430c50cdcc77762b15bb8a76c9b66bd3	.config/quickshell/ilyamiro-shell/music/music_info.sh
eea56af1430c50cdcc77762b15bb8a76c9b66bd3	.local/share/bite-os/rices/caelestia/.config/hypr/scripts/quickshell/music/music_info.sh
eea56af1430c50cdcc77762b15bb8a76c9b66bd3	.local/share/bite-os/rices/caelestia/.config/quickshell/ilyamiro-shell/music/music_info.sh
eea56af1430c50cdcc77762b15bb8a76c9b66bd3	.local/share/bite-os/rices/ilyamiro/.config/hypr/scripts/quickshell/music/music_info.sh
eea56af1430c50cdcc77762b15bb8a76c9b66bd3	.local/share/bite-os/rices/serpantinum/.config/hypr/scripts/quickshell/music/music_info.sh
eeebf585795663384a615023802ae792c2553b6b	.local/share/bite-os/rices/serpantinum/.local/share/serpantinum/src/quickshell/serp/Start.qml
ef273bbe9c62db363b58bece9643dbe24bd60806	.config/quickshell/caelestia/assets/wallpaper.webp
ef273bbe9c62db363b58bece9643dbe24bd60806	.local/share/bite-os/rices/caelestia/.config/quickshell/caelestia/assets/wallpaper.webp
ef6725303670311f18e1f6e1233dec6e4f9caa40	.config/bite-os/rice.conf
efdf357183ce77dcb5196ef38a2deadf9fcbbc50	.local/share/bite-os/rices/serpantinum/.local/share/serpantinum/src/quickshell/singletons/system/DateTime.qml
efff4a715dfbd28d05c4832957f0cdde8e1eda1a	.local/share/bite-os/rices/serpantinum/.local/share/serpantinum/src/quickshell/quickactions/actions/DrawAction.qml
f0181230805fbb0e3b06d78a44552f57f81d00fd	.config/quickshell/caelestia/modules/controlcenter/launcher/Settings.qml
f0181230805fbb0e3b06d78a44552f57f81d00fd	.local/share/bite-os/rices/caelestia/.config/quickshell/caelestia/modules/controlcenter/launcher/Settings.qml
f0196b1e2e091a30e8d50540b8c8dbe86b910826	.local/share/bite-os/rices/serpantinum/.local/share/serpantinum/src/quickshell/guide/theme/ThemeTab.qml
f02cc3c0841a5fc15461eec72aae282fa1db2866	.config/quickshell/caelestia/modules/controlcenter/components/DeviceList.qml
f02cc3c0841a5fc15461eec72aae282fa1db2866	.local/share/bite-os/rices/caelestia/.config/quickshell/caelestia/modules/controlcenter/components/DeviceList.qml
f0a3da3a97b9db1a3be1ef76f907bf9de9bc706d	.config/quickshell/caelestia/components/controls/Menu.qml
f0a3da3a97b9db1a3be1ef76f907bf9de9bc706d	.local/share/bite-os/rices/caelestia/.config/quickshell/caelestia/components/controls/Menu.qml
f0c2aa6ea122fb065b374759b925e113803a3a5a	.local/share/bite-os/rices/serpantinum/.local/share/serpantinum/src/assets/themes/Vesper.json
f0c69044c1bc9ff6d79e44d55fa67be6c09c3afb	.config/glitch/bin/glitch-fetch.sh
f104652e0066a54cd8e9f571f7e7d2ef30842925	.config/quickshell/caelestia/modules/nexus/common/StackPage.qml
f104652e0066a54cd8e9f571f7e7d2ef30842925	.local/share/bite-os/rices/caelestia/.config/quickshell/caelestia/modules/nexus/common/StackPage.qml
f10a043b61280c9fc3640f1d0e0285cc39290df8	.local/share/bite-os/rices/serpantinum/.local/share/serpantinum/src/quickshell/widgets/faces/qmldir
f12f713767bcfcbc3b187e07a9eedc54b360a75d	.config/quickshell/caelestia/modules/bar/Bar.qml
f12f713767bcfcbc3b187e07a9eedc54b360a75d	.local/share/bite-os/rices/caelestia/.config/quickshell/caelestia/modules/bar/Bar.qml
f138490331681815c3b96796049472dae472875f	.local/share/bite-os/rices/serpantinum/.local/share/serpantinum/src/quickshell/reusables/TimeSelector.qml
f13b6fca80ff03c480609981ed030bba0664db79	.config/quickshell/caelestia/modules/controlcenter/network/EthernetSettings.qml
f13b6fca80ff03c480609981ed030bba0664db79	.local/share/bite-os/rices/caelestia/.config/quickshell/caelestia/modules/controlcenter/network/EthernetSettings.qml
f161e401ed9d8b9df5604957d6c8cdb2a789ebd8	.local/share/bite-os/rices/serpantinum/.local/share/serpantinum/src/quickshell/bar/sidemodules/SideTopWidget.qml
f168ba71e5d8162becd2f6abfa039a7449f21d33	.local/share/bite-os/rices/caelestia/.config/caelestia/shell.json
f169691b4026da2a71162a184f0c59ee9cade822	.config/quickshell/caelestia/components/controls/StyledSlider.qml
f169691b4026da2a71162a184f0c59ee9cade822	.local/share/bite-os/rices/caelestia/.config/quickshell/caelestia/components/controls/StyledSlider.qml
f1904ac38c289540151980964ff7adde58e1b70c	.config/hypr/scripts/quickshell/watchers/battery_fetch.sh
f1904ac38c289540151980964ff7adde58e1b70c	.config/quickshell/ilyamiro-shell/watchers/battery_fetch.sh
f1904ac38c289540151980964ff7adde58e1b70c	.local/share/bite-os/rices/caelestia/.config/hypr/scripts/quickshell/watchers/battery_fetch.sh
f1904ac38c289540151980964ff7adde58e1b70c	.local/share/bite-os/rices/caelestia/.config/quickshell/ilyamiro-shell/watchers/battery_fetch.sh
f1904ac38c289540151980964ff7adde58e1b70c	.local/share/bite-os/rices/ilyamiro/.config/hypr/scripts/quickshell/watchers/battery_fetch.sh
f1904ac38c289540151980964ff7adde58e1b70c	.local/share/bite-os/rices/serpantinum/.config/hypr/scripts/quickshell/watchers/battery_fetch.sh
f224768684a5253ed2dba276b036a1bbf9193674	.config/quickshell/caelestia/modules/launcher/Content.qml
f224768684a5253ed2dba276b036a1bbf9193674	.local/share/bite-os/rices/caelestia/.config/quickshell/caelestia/modules/launcher/Content.qml
f2372dbe1d8bd55766e704382de0be3ae3f7c2ee	.config/quickshell/caelestia/modules/controlcenter/launcher/LauncherPane.qml
f2372dbe1d8bd55766e704382de0be3ae3f7c2ee	.local/share/bite-os/rices/caelestia/.config/quickshell/caelestia/modules/controlcenter/launcher/LauncherPane.qml
f25f69bfd623495df73ad258c8c6dcb9ce578192	.config/hypr/scripts/quickshell/guide/previews/preview_music.png
f25f69bfd623495df73ad258c8c6dcb9ce578192	.config/quickshell/ilyamiro-shell/guide/previews/preview_music.png
f25f69bfd623495df73ad258c8c6dcb9ce578192	.local/share/bite-os/rices/caelestia/.config/hypr/scripts/quickshell/guide/previews/preview_music.png
f25f69bfd623495df73ad258c8c6dcb9ce578192	.local/share/bite-os/rices/caelestia/.config/quickshell/ilyamiro-shell/guide/previews/preview_music.png
f25f69bfd623495df73ad258c8c6dcb9ce578192	.local/share/bite-os/rices/ilyamiro/.config/hypr/scripts/quickshell/guide/previews/preview_music.png
f25f69bfd623495df73ad258c8c6dcb9ce578192	.local/share/bite-os/rices/serpantinum/.config/hypr/scripts/quickshell/guide/previews/preview_music.png
f288702d2fa16d3cdf0035b15a9fcbc552cd88e7	.config/quickshell/caelestia/LICENSE
f288702d2fa16d3cdf0035b15a9fcbc552cd88e7	.local/share/bite-os/rices/caelestia/.config/quickshell/caelestia/LICENSE
f2a78ca7d23ff98f6b09f21452ecc21a276b6ad6	.local/share/bite-os/rices/serpantinum/.local/share/serpantinum/src/assets/themes/Rose Pine Moon.json
f2f15ba139c90b8c43faa28d6a95b93579f77678	.config/quickshell/caelestia/modules/controlcenter/appearance/sections/TransparencySection.qml
f2f15ba139c90b8c43faa28d6a95b93579f77678	.local/share/bite-os/rices/caelestia/.config/quickshell/caelestia/modules/controlcenter/appearance/sections/TransparencySection.qml
f34f44063be18a01ad287565b861ebde0eccc36d	.config/hypr/scripts/bite-spaceship-power
f39aa4c398462ce449d94d02fa2a2da2b5b1e15c	.config/quickshell/caelestia/modules/bar/components/ActiveWindow.qml
f39aa4c398462ce449d94d02fa2a2da2b5b1e15c	.local/share/bite-os/rices/caelestia/.config/quickshell/caelestia/modules/bar/components/ActiveWindow.qml
f3a720ae9edab85668f417e28f79370d4a017991	.config/hypr/scripts/quickshell/Config.qml
f3a720ae9edab85668f417e28f79370d4a017991	.local/share/bite-os/rices/caelestia/.config/hypr/scripts/quickshell/Config.qml
f3a720ae9edab85668f417e28f79370d4a017991	.local/share/bite-os/rices/ilyamiro/.config/hypr/scripts/quickshell/Config.qml
f3c982b4f0ff94dc26d8835264a256224cf26ed9	.config/quickshell/caelestia/modules/nexus/pages/network/EthernetDetailPage.qml
f3c982b4f0ff94dc26d8835264a256224cf26ed9	.local/share/bite-os/rices/caelestia/.config/quickshell/caelestia/modules/nexus/pages/network/EthernetDetailPage.qml
f3edb73193be00f20421c251ab5641b5408af7f1	.config/quickshell/caelestia/modules/controlcenter/audio/AudioPane.qml
f3edb73193be00f20421c251ab5641b5408af7f1	.local/share/bite-os/rices/caelestia/.config/quickshell/caelestia/modules/controlcenter/audio/AudioPane.qml
f3f1fd4b70d1d830e826fca53bf7691ceb09b4dd	.config/quickshell/caelestia/modules/controlcenter/network/WirelessSettings.qml
f3f1fd4b70d1d830e826fca53bf7691ceb09b4dd	.local/share/bite-os/rices/caelestia/.config/quickshell/caelestia/modules/controlcenter/network/WirelessSettings.qml
f3f8bf318f437faf8d7e6faa24ed5a219dad7375	.local/share/bite-os/rices/serpantinum/.local/share/serpantinum/src/assets/themes/Macchiato.json
f3fc868d5783026504a188fd6052455d69c2b685	.config/quickshell/caelestia/modules/lock/WeatherInfo.qml
f3fc868d5783026504a188fd6052455d69c2b685	.local/share/bite-os/rices/caelestia/.config/quickshell/caelestia/modules/lock/WeatherInfo.qml
f40db3769a7100a56b8ace5f6f027098bedf5535	.local/share/bite-os/rices/serpantinum/.config/hypr/config/monitors.conf
f453ef832010f49faebeb3e6d7a2e01aa835a885	.config/hypr/scripts/settings_watcher.sh
f453ef832010f49faebeb3e6d7a2e01aa835a885	.local/share/bite-os/rices/caelestia/.config/hypr/scripts/settings_watcher.sh
f453ef832010f49faebeb3e6d7a2e01aa835a885	.local/share/bite-os/rices/ilyamiro/.config/hypr/scripts/settings_watcher.sh
f4906b8eb027682af62cdd6f9e1deccbf54f4623	.config/quickshell/caelestia/modules/sidebar/NotifDockList.qml
f4906b8eb027682af62cdd6f9e1deccbf54f4623	.local/share/bite-os/rices/caelestia/.config/quickshell/caelestia/modules/sidebar/NotifDockList.qml
f49546b422c00dc669f1710cc50fd7e6b9908ec0	.local/share/bite-os/rices/serpantinum/.local/share/serpantinum/src/assets/themes/Ruby.json
f4fc31760c8ec7a2fd3ab27e518c4c1024af330a	.local/share/bite-os/rices/serpantinum/.local/share/serpantinum/src/quickshell/quickactions/Floating.qml
f502ef3e070573c93dfdbfb6772ef77b4c6f5169	.config/quickshell/caelestia/modules/session/Content.qml
f502ef3e070573c93dfdbfb6772ef77b4c6f5169	.local/share/bite-os/rices/caelestia/.config/quickshell/caelestia/modules/session/Content.qml
f51a1c4d5a0dc3feb05efe8e7ab82af32b3c3435	.config/quickshell/caelestia/modules/nexus/pages/panels/taskbar/BarActiveWindow.qml
f51a1c4d5a0dc3feb05efe8e7ab82af32b3c3435	.local/share/bite-os/rices/caelestia/.config/quickshell/caelestia/modules/nexus/pages/panels/taskbar/BarActiveWindow.qml
f53df28da1b661d0ff33e9537c963b9871f28d2b	.local/share/bite-os/rices/serpantinum/.local/share/serpantinum/src/assets/languages/hy.json
f548b9753436ee7b6025e5f49076370cfc7a87f1	.local/share/bite-os/rices/serpantinum/.local/share/serpantinum/src/assets/themes/Citrine.json
f5556be7b50a6d3fde8c1cca0b1529d0233a0e30	.config/quickshell/caelestia/components/effects/ColouredIcon.qml
f5556be7b50a6d3fde8c1cca0b1529d0233a0e30	.local/share/bite-os/rices/caelestia/.config/quickshell/caelestia/components/effects/ColouredIcon.qml
f58988efcaeae8ed0621fe5b4fba664cb0d0be8c	.config/hypr/scripts/quickshell/MatugenColors.qml
f58988efcaeae8ed0621fe5b4fba664cb0d0be8c	.local/share/bite-os/rices/caelestia/.config/hypr/scripts/quickshell/MatugenColors.qml
f58988efcaeae8ed0621fe5b4fba664cb0d0be8c	.local/share/bite-os/rices/ilyamiro/.config/hypr/scripts/quickshell/MatugenColors.qml
f58988efcaeae8ed0621fe5b4fba664cb0d0be8c	.local/share/bite-os/rices/serpantinum/.config/hypr/scripts/quickshell/MatugenColors.qml
f5952ed5a00ac48067731d48de919448f182b0bd	.local/share/bite-os/rices/serpantinum/.local/share/serpantinum/src/quickshell/network/bluetooth_panel_logic.sh
f59d7bbf108f8a1e5f4a69b16a69825a4bfb4a81	.config/hypr/scripts/quickshell/music/MusicPopup.qml
f59d7bbf108f8a1e5f4a69b16a69825a4bfb4a81	.config/quickshell/ilyamiro-shell/music/MusicPopup.qml
f59d7bbf108f8a1e5f4a69b16a69825a4bfb4a81	.local/share/bite-os/rices/caelestia/.config/hypr/scripts/quickshell/music/MusicPopup.qml
f59d7bbf108f8a1e5f4a69b16a69825a4bfb4a81	.local/share/bite-os/rices/caelestia/.config/quickshell/ilyamiro-shell/music/MusicPopup.qml
f59d7bbf108f8a1e5f4a69b16a69825a4bfb4a81	.local/share/bite-os/rices/ilyamiro/.config/hypr/scripts/quickshell/music/MusicPopup.qml
f59d7bbf108f8a1e5f4a69b16a69825a4bfb4a81	.local/share/bite-os/rices/serpantinum/.config/hypr/scripts/quickshell/music/MusicPopup.qml
f5c218efbdf4a8264f759f1606c0cee7e7012dd4	.local/share/bite-os/rices/serpantinum/.local/share/serpantinum/src/assets/languages/en.json
f5d4ea1a033fc3022f66d10731dc65491f115786	.local/share/bite-os/rices/serpantinum/.local/share/serpantinum/src/assets/themes/DustFox.json
f5d514395d0dad69c04438861d9099108e62ddd7	.config/quickshell/caelestia/components/StyledRect.qml
f5d514395d0dad69c04438861d9099108e62ddd7	.local/share/bite-os/rices/caelestia/.config/quickshell/caelestia/components/StyledRect.qml
f5e1d491ac886a77708dc9a8b9591d76cee03168	.local/share/bite-os/rices/serpantinum/.local/share/serpantinum/src/quickshell/bar/SideBar.qml
f5ed187803f4a80b65e4ef5f0e3733866fa3503d	.local/share/bite-os/rices/serpantinum/.local/share/serpantinum/src/assets/themes/Sugilite.json
f60a663f4ac54853496768b3d50c2f87f01c1b29	.local/share/bite-os/rices/serpantinum/.local/share/serpantinum/src/assets/themes/Material Darker.json
f62d0b989aaed501e03b6bca5cf34023a2b6ae80	.config/quickshell/caelestia/modules/bar/popouts/kblayout/KbLayoutModel.qml
f62d0b989aaed501e03b6bca5cf34023a2b6ae80	.local/share/bite-os/rices/caelestia/.config/quickshell/caelestia/modules/bar/popouts/kblayout/KbLayoutModel.qml
f699cd665c75f6599736d7278d47bc63c498b609	.config/fontconfig/conf.d/60-bite-os-iosevka-alias.conf
f6a635fed618f9a82ca74183619468cd9b60572e	.config/quickshell/caelestia/modules/bar/popouts/WirelessPassword.qml
f6a635fed618f9a82ca74183619468cd9b60572e	.local/share/bite-os/rices/caelestia/.config/quickshell/caelestia/modules/bar/popouts/WirelessPassword.qml
f6b8eb051240c908b03c142b63d2929c35d13b4a	.config/quickshell/caelestia/modules/sidebar/Content.qml
f6b8eb051240c908b03c142b63d2929c35d13b4a	.local/share/bite-os/rices/caelestia/.config/quickshell/caelestia/modules/sidebar/Content.qml
f6c7ebf260830286954e040e0779b08222b1e01d	.config/hypr/scripts/quickshell/SysData.qml
f6c7ebf260830286954e040e0779b08222b1e01d	.config/quickshell/ilyamiro-shell/SysData.qml
f6c7ebf260830286954e040e0779b08222b1e01d	.local/share/bite-os/rices/caelestia/.config/hypr/scripts/quickshell/SysData.qml
f6c7ebf260830286954e040e0779b08222b1e01d	.local/share/bite-os/rices/caelestia/.config/quickshell/ilyamiro-shell/SysData.qml
f6c7ebf260830286954e040e0779b08222b1e01d	.local/share/bite-os/rices/ilyamiro/.config/hypr/scripts/quickshell/SysData.qml
f6c7ebf260830286954e040e0779b08222b1e01d	.local/share/bite-os/rices/serpantinum/.config/hypr/scripts/quickshell/SysData.qml
f6c97470e367ed8ef68b86ab8401b10043a8ae3c	.config/quickshell/caelestia/modules/lock/Pam.qml
f6c97470e367ed8ef68b86ab8401b10043a8ae3c	.local/share/bite-os/rices/caelestia/.config/quickshell/caelestia/modules/lock/Pam.qml
f6e485b108d1d74003fda265e409f4889ed4fca8	.local/share/bite-os/rices/caelestia/.config/caelestia/hypr-user.conf
f6f4400fabc49b5a7b5c27b8ee6d3f215c5939f5	.local/share/bite-os/rices/serpantinum/.local/share/serpantinum/src/quickshell/widgets/faces/WeatherFaceRound.qml
f71a807bec9ad579fb6cba922b4bef4fd2879dc6	.local/share/bite-os/rices/serpantinum/.local/share/serpantinum/src/quickshell/guide/GuidePopup.qml
f72965a239d1e4a211587cced4d5e482bd1bba95	.config/hypr/wallpapers/dedsec.mp4
f72965a239d1e4a211587cced4d5e482bd1bba95	.local/share/bite-os/rices/caelestia/.config/hypr/wallpapers/dedsec.mp4
f7435488bfa8415646b8812615137c43fbaad14d	.local/share/bite-os/rices/serpantinum/.local/share/serpantinum/src/assets/sounds/reusables/clickbutton/click.wav
f7435488bfa8415646b8812615137c43fbaad14d	.local/share/bite-os/rices/serpantinum/.local/share/serpantinum/src/assets/sounds/reusables/dropdown/click.wav
f7435488bfa8415646b8812615137c43fbaad14d	.local/share/bite-os/rices/serpantinum/.local/share/serpantinum/src/assets/sounds/reusables/iconbutton/click.wav
f75728ef971ad62924e3ad46d927ff9e91319f5e	.local/share/bite-os/rices/serpantinum/.local/share/serpantinum/src/assets/themes/Material Ocean.json
f762ec444c03f94cfce7852331c8c55a4aadaf23	.local/share/bite-os/rices/serpantinum/.local/share/serpantinum/src/assets/themes/Chrysocolla.json
f782838d659aa6a458d41fcf58cf953b5e2716df	.config/quickshell/caelestia/modules/controlcenter/components/ConnectedButtonGroup.qml
f782838d659aa6a458d41fcf58cf953b5e2716df	.local/share/bite-os/rices/caelestia/.config/quickshell/caelestia/modules/controlcenter/components/ConnectedButtonGroup.qml
f7d5da17713fe121c209c765e09a938356a9a0d1	.local/share/bite-os/rices/serpantinum/.local/share/serpantinum/src/assets/languages/it.json
f7f037426c4df999e5866ebfa8aeb1daf5ca0585	.config/quickshell/caelestia/modules/dashboard/Wrapper.qml
f7f037426c4df999e5866ebfa8aeb1daf5ca0585	.local/share/bite-os/rices/caelestia/.config/quickshell/caelestia/modules/dashboard/Wrapper.qml
f852cb7ffd220933dbba4bd1128c70549f3b96da	.config/quickshell/caelestia/modules/lock/Lock.qml
f852cb7ffd220933dbba4bd1128c70549f3b96da	.local/share/bite-os/rices/caelestia/.config/quickshell/caelestia/modules/lock/Lock.qml
f86db9678010659cd8662bae82881c322fe346fb	.local/share/bite-os/rices/serpantinum/.local/share/serpantinum/src/quickshell/reusables/PasswordInput.qml
f8c883603c7f1355f09d958ff3bd657132e17290	.local/share/bite-os/rices/serpantinum/.local/share/serpantinum/src/quickshell/media/art_fetch.sh
f8cff574baef82549f878889908d6e7e850afa07	.local/share/bite-os/rices/serpantinum/.local/share/serpantinum/src/assets/themes/Sunburst.json
f91216d972f8a6a61e66f4f5f4f8211fc0f602ee	.local/share/bite-os/rices/serpantinum/.local/share/serpantinum/src/quickshell/lock/VideoLock.qml
f9324c83d9293e5d755096429b1686b20c3712ff	.config/quickshell/caelestia/modules/controlcenter/state/NetworkState.qml
f9324c83d9293e5d755096429b1686b20c3712ff	.local/share/bite-os/rices/caelestia/.config/quickshell/caelestia/modules/controlcenter/state/NetworkState.qml
f94ab0fb23134b479aed9b0daf09930d7e68a59b	.local/share/bite-os/rices/serpantinum/manifest.txt
f960fecd7d91c028506ddf7a7ace5bcb84c473bd	.config/quickshell/caelestia/assets/bongocat.gif
f960fecd7d91c028506ddf7a7ace5bcb84c473bd	.local/share/bite-os/rices/caelestia/.config/quickshell/caelestia/assets/bongocat.gif
f97677932802d97ccc66d7bb87d78387d76229c5	.config/hypr/scripts/quickshell/wallpaper/ddg_search.sh
f97677932802d97ccc66d7bb87d78387d76229c5	.config/quickshell/ilyamiro-shell/wallpaper/ddg_search.sh
f97677932802d97ccc66d7bb87d78387d76229c5	.local/share/bite-os/rices/caelestia/.config/hypr/scripts/quickshell/wallpaper/ddg_search.sh
f97677932802d97ccc66d7bb87d78387d76229c5	.local/share/bite-os/rices/caelestia/.config/quickshell/ilyamiro-shell/wallpaper/ddg_search.sh
f97677932802d97ccc66d7bb87d78387d76229c5	.local/share/bite-os/rices/ilyamiro/.config/hypr/scripts/quickshell/wallpaper/ddg_search.sh
f97677932802d97ccc66d7bb87d78387d76229c5	.local/share/bite-os/rices/serpantinum/.config/hypr/scripts/quickshell/wallpaper/ddg_search.sh
f98fc05f116efe48da3a3c5fd9289c2d7ea25408	.config/glitch/icons/sigme.jpeg
f9aa4ccf8c4faaf1973092928b3e038dbcf24ed7	.config/glitch/bin/glitch-update.sh
fa3fb25919f37f163584651fb354d4f68c9ffbde	.config/quickshell/caelestia/modules/launcher/items/VariantItem.qml
fa3fb25919f37f163584651fb354d4f68c9ffbde	.local/share/bite-os/rices/caelestia/.config/quickshell/caelestia/modules/launcher/items/VariantItem.qml
fa6961f7092824ef62e380ed4ab63b0ed7624bc5	.local/share/bite-os/rices/serpantinum/.local/share/serpantinum/src/assets/themes/Bloodstone.json
fa7d80445c270ae9cddb8cbd9ce57752b89de5fd	.local/share/bite-os/rices/serpantinum/.local/share/serpantinum/src/assets/themes/Copper.json
fafb1c1749975760d2d8a2c64d8922b89fca879a	.config/hypr/scripts/quickshell/guide/GuidePopup.qml
fafb1c1749975760d2d8a2c64d8922b89fca879a	.local/share/bite-os/rices/caelestia/.config/hypr/scripts/quickshell/guide/GuidePopup.qml
fafb1c1749975760d2d8a2c64d8922b89fca879a	.local/share/bite-os/rices/ilyamiro/.config/hypr/scripts/quickshell/guide/GuidePopup.qml
fafb1c1749975760d2d8a2c64d8922b89fca879a	.local/share/bite-os/rices/serpantinum/.config/hypr/scripts/quickshell/guide/GuidePopup.qml
fb0a3a56ef55fa4ec627d135a2ce290e7ec0184e	.local/share/bite-os/rices/serpantinum/.local/share/serpantinum/src/quickshell/bar/modules/system/BtWidget.qml
fb19fef234c0584ccfe81e52a55455c97055bdba	.config/quickshell/caelestia/modules/nexus/common/DialogRowButton.qml
fb19fef234c0584ccfe81e52a55455c97055bdba	.local/share/bite-os/rices/caelestia/.config/quickshell/caelestia/modules/nexus/common/DialogRowButton.qml
fb1e4512cd23469431b0440c1f56e78166090376	.local/share/bite-os/rices/serpantinum/.local/share/serpantinum/src/quickshell/bar/modules/system/VolWidget.qml
fb463adf06af6771e040e8328a5655b4124853e0	.config/quickshell/caelestia/components/effects/Mask.qml
fb463adf06af6771e040e8328a5655b4124853e0	.local/share/bite-os/rices/caelestia/.config/quickshell/caelestia/components/effects/Mask.qml
fb6d66e00b805f247bdf2978816e54b7c1cbfba0	.local/share/bite-os/rices/serpantinum/.local/share/serpantinum/src/assets/themes/GitHub Light.json
fc07bd197aa712448a8352474b58e7e7ce2aa6f4	.config/quickshell/caelestia/modules/nexus/navpane/NavLocations.qml
fc07bd197aa712448a8352474b58e7e7ce2aa6f4	.local/share/bite-os/rices/caelestia/.config/quickshell/caelestia/modules/nexus/navpane/NavLocations.qml
fc415e49dc321bde713dff2a00301310134be942	.local/share/bite-os/rices/serpantinum/.local/share/serpantinum/src/scripts/wallpaper/search_control.sh
fc9644c870fc0885f9428bde982e9af8776f3b7c	.config/hypr/scripts/ppd-spaceship-watch.sh
fc9644c870fc0885f9428bde982e9af8776f3b7c	.local/share/bite-os/rices/caelestia/.config/hypr/scripts/ppd-spaceship-watch.sh
fc96d414e2c91422f6b6a45d0d983bc20f50bd13	.config/quickshell/caelestia/modules/windowinfo/Details.qml
fc96d414e2c91422f6b6a45d0d983bc20f50bd13	.local/share/bite-os/rices/caelestia/.config/quickshell/caelestia/modules/windowinfo/Details.qml
fcc3ab2cae18feb2f40725330a4252609f9d9e34	.local/share/bite-os/rices/serpantinum/.local/share/serpantinum/src/assets/sounds/network/switch.wav
fd3ae235d6c62b5ebd42b0988c0e9ad2111dff99	.config/quickshell/caelestia/modules/nexus/pages/wallandstyle/WallpaperCategory.qml
fd3ae235d6c62b5ebd42b0988c0e9ad2111dff99	.local/share/bite-os/rices/caelestia/.config/quickshell/caelestia/modules/nexus/pages/wallandstyle/WallpaperCategory.qml
fd4cd81823e0a44bfa126827489095f3d4233d21	.config/hypr/scripts/configs.fish
fd4cd81823e0a44bfa126827489095f3d4233d21	.local/share/bite-os/rices/caelestia/.config/hypr/scripts/configs.fish
fd5e9e93e21494aead8b3c8b87e8bd18bdd9ce7d	.local/share/bite-os/rices/ilyamiro/.config/hypr/config/keybindings.conf
fd730ea5138b1e164cbcaa0549b9bbf39f2b6dc0	.config/quickshell/caelestia/modules/nexus/pages/wallandstyle/ColourSelect.qml
fd730ea5138b1e164cbcaa0549b9bbf39f2b6dc0	.local/share/bite-os/rices/caelestia/.config/quickshell/caelestia/modules/nexus/pages/wallandstyle/ColourSelect.qml
fd75440928b002dfe20aa3df017dd4cb579246b8	.local/share/bite-os/rices/serpantinum/.local/share/serpantinum/src/quickshell/notifications/Notification.qml
fda2691c4b849e5edc5bc9449b084bd572ce4985	.config/quickshell/caelestia/modules/dashboard/dash/User.qml
fda2691c4b849e5edc5bc9449b084bd572ce4985	.local/share/bite-os/rices/caelestia/.config/quickshell/caelestia/modules/dashboard/dash/User.qml
fe3322cd131285c0a3b6eb69d5636d80a43cd598	.config/quickshell/caelestia/modules/launcher/items/WallpaperItem.qml
fe3322cd131285c0a3b6eb69d5636d80a43cd598	.local/share/bite-os/rices/caelestia/.config/quickshell/caelestia/modules/launcher/items/WallpaperItem.qml
fe3b83abfe6a697a9dcaa34b6b2c594dcf1bfb90	.local/share/bite-os/rices/serpantinum/.local/share/serpantinum/src/quickshell/bar/sidemodules/SideWorkspacesWidget.qml
fe4eb809e4e452affaaae2b134d044bd120b4a37	.local/share/bite-os/rices/serpantinum/.local/share/serpantinum/src/scripts/qs_manager.sh
fe686e4a21b698cb17cc70237d6f8b93c16b0deb	.config/quickshell/caelestia/components/filedialog/DialogButtons.qml
fe686e4a21b698cb17cc70237d6f8b93c16b0deb	.local/share/bite-os/rices/caelestia/.config/quickshell/caelestia/components/filedialog/DialogButtons.qml
fe72730c3e9a2f3efa755ce227cf078f1fff2f20	.config/quickshell/caelestia/modules/drawers/Exclusions.qml
fe72730c3e9a2f3efa755ce227cf078f1fff2f20	.local/share/bite-os/rices/caelestia/.config/quickshell/caelestia/modules/drawers/Exclusions.qml
fed858915e5ea38345bf980e298b4847acb4a7d2	.config/quickshell/caelestia/modules/windowinfo/Preview.qml
fed858915e5ea38345bf980e298b4847acb4a7d2	.local/share/bite-os/rices/caelestia/.config/quickshell/caelestia/modules/windowinfo/Preview.qml
fefb532c9b101592e794d75c708262345b7e83fe	.config/quickshell/caelestia/modules/bar/components/TrayItem.qml
fefb532c9b101592e794d75c708262345b7e83fe	.local/share/bite-os/rices/caelestia/.config/quickshell/caelestia/modules/bar/components/TrayItem.qml
ff414e68af99b3090bfdd175e2af75c7cb961edf	.local/share/bite-os/rices/serpantinum/.config/serpantinum/CREDITS.md
ff56c7760ee2122d90d6d86e21bb390a7fb94d70	.local/share/bite-os/rices/serpantinum/.local/share/serpantinum/src/assets/themes/Coral.json
ff7772cace4b5539bd120615cf9a7644e43d6e41	.config/quickshell/caelestia/components/controls/StyledInputField.qml
ff7772cace4b5539bd120615cf9a7644e43d6e41	.local/share/bite-os/rices/caelestia/.config/quickshell/caelestia/components/controls/StyledInputField.qml
ff9d81c0031756a4990cb55abcc42424f9f1a665	.local/share/bite-os/rices/serpantinum/.local/share/serpantinum/src/assets/sounds/notifications/Wobbly.mp3
ffd3567212f1c983a33409bf4db35e3a6abbdde2	.local/share/bite-os/rices/serpantinum/.local/share/serpantinum/src/assets/languages/pt.json
ffe599afd7521c25e2c663c765deb4fa855d4965	.config/quickshell/caelestia/modules/bar/components/Clock.qml
ffe599afd7521c25e2c663c765deb4fa855d4965	.local/share/bite-os/rices/caelestia/.config/quickshell/caelestia/modules/bar/components/Clock.qml
ffea5b4696822cf10ac85ec25bd113e3288da3d8	.local/share/bite-os/rices/serpantinum/.local/share/serpantinum/src/assets/themes/Beryl.json
fff23779bee18af733ec6ff301e0ff74611e136f	.config/hypr/scripts/quickshell/watchers/kb_fetch.sh
fff23779bee18af733ec6ff301e0ff74611e136f	.config/quickshell/ilyamiro-shell/watchers/kb_fetch.sh
fff23779bee18af733ec6ff301e0ff74611e136f	.local/share/bite-os/rices/caelestia/.config/hypr/scripts/quickshell/watchers/kb_fetch.sh
fff23779bee18af733ec6ff301e0ff74611e136f	.local/share/bite-os/rices/caelestia/.config/quickshell/ilyamiro-shell/watchers/kb_fetch.sh
fff23779bee18af733ec6ff301e0ff74611e136f	.local/share/bite-os/rices/ilyamiro/.config/hypr/scripts/quickshell/watchers/kb_fetch.sh
fff23779bee18af733ec6ff301e0ff74611e136f	.local/share/bite-os/rices/serpantinum/.config/hypr/scripts/quickshell/watchers/kb_fetch.sh
